{
  "variables": [
    {
      "type": "pattern",
      "pattern": "en_US",
      "inputType": "radio",
      "id": "Langauge_Locale",
      "label": "Language/Locale",
      "defaultValue": "en_US",
      "visible": true,
      "values": [
        {
          "value": "en_US",
          "label": "en_US"
        },
        {
          "value": "fr_CA",
          "label": "fr_CA"
        },
        {
          "value": "es_US",
          "label": "es_US"
        }
      ]
    },
    {
      "type": "pattern",
      "pattern": "lob_us",
      "inputType": "select",
      "id": "DialogState",
      "label": "Dialog State",
      "defaultValue": "lob_us",
      "visible": true,
      "values": [
        {
          "value": "lob_us",
          "label": "lob_us"
        },
        {
          "value": "lob_ca",
          "label": "lob_ca"
        },
        {
          "value": "get_phone",
          "label": "get_phone"
        },
        {
          "value": "phone_repeat",
          "label": "phone_repeat"
        },
        {
          "value": "chat_offer",
          "label": "chat_offer"
        },
        {
          "value": "offer_status",
          "label": "offer_status"
        },
        {
          "value": "digital_offer",
          "label": "digital_offer"
        },
        {
          "value": "standard_menu",
          "label": "standard_menu"
        },
        {
          "value": "closed",
          "label": "closed"
        }
      ]
    }
  ],
  "widgets": [
    {
      "height": 9,
      "width": 10,
      "y": 0,
      "x": 14,
      "type": "log",
      "properties": {
        "query": "SOURCE '/aws/lexv2/router-bot' | fields sessionState.sessionAttributes.configRef as dialogState, sessionState.sessionAttributes.supported_intents as supIntents, inputTranscript as utterance, interpretations.0.intent.name as firstInterp, sessionState.sessionAttributes.lexIntent as lexIntent, requestId, sessionId, sessionState.originatingRequestId, @timestamp, @message, @logStream, @log\n| filter not isblank(lexIntent) AND dialogState = 'lob_us' AND lexIntent NOT IN ['agent', 'fallback']\n| stats count() as Count by lexIntent\n| sort by Count desc",
        "region": "eu-central-1",
        "stacked": false,
        "view": "bar",
        "title": "Matched Intent Frequency"
      }
    },
    {
      "height": 9,
      "width": 8,
      "y": 0,
      "x": 6,
      "type": "log",
      "properties": {
        "query": "SOURCE '/aws/lexv2/router-bot' | fields sessionState.sessionAttributes.configRef as dialogState, sessionState.sessionAttributes.supported_intents as supIntents, inputTranscript as utterance, interpretations.0.intent.name as firstInterp, sessionState.sessionAttributes.lexIntent as lexIntent, requestId, sessionId, sessionState.originatingRequestId,\nstrcontains(sessionState.sessionAttributes.lexIntent, 'lob_us') as agent,\nstrcontains(sessionState.sessionAttributes.lexIntent, 'fallback') as fail,\nreplace(replace(replace(concat(agent, fail), '00', 'Matched Intent'), '01', 'Failed to Match Intent'), '10', 'Requested Agent') as SessionOutcome\n| filter not isblank(lexIntent) AND dialogState = 'lob_us'\n| stats count() as Count by  SessionOutcome",
        "region": "eu-central-1",
        "stacked": false,
        "view": "pie",
        "title": "Lex Interaction Outcome"
      }
    },
    {
      "height": 8,
      "width": 8,
      "y": 9,
      "x": 0,
      "type": "log",
      "properties": {
        "query": "SOURCE '/aws/lexv2/router-bot' | fields sessionState.sessionAttributes.configRef as dialogState, sessionState.sessionAttributes.supported_intents as supIntents, inputTranscript as utterance, interpretations.0.intent.name as firstInterp, sessionState.sessionAttributes.lexIntent as lexIntent, substr(requestId, strlen(requestId)-1) as Attempt, requestId, sessionId, sessionState.originatingRequestId,\nstrcontains(sessionState.sessionAttributes.lexIntent, 'agent') as agent,\nstrcontains(sessionState.sessionAttributes.lexIntent, 'fallback') as fail,\nreplace(replace(replace(concat(agent, fail), '00', 'Matched Intent'), '01', 'Failed to Match Intent'), '10', 'Requested Agent') as SessionOutcome, replace(replace(isblank(SessionOutcome), '1', 'Re-Prompt'), '0', SessionOutcome) as AttemptOutcome\n| filter Attempt = 1 AND dialogState = 'lob_us'\n| stats count() as Count by AttemptOutcome",
        "region": "eu-central-1",
        "stacked": false,
        "view": "pie",
        "title": "First Attempt Outcome"
      }
    },
    {
      "height": 8,
      "width": 8,
      "y": 9,
      "x": 8,
      "type": "log",
      "properties": {
        "query": "SOURCE '/aws/lexv2/router-bot' | fields sessionState.sessionAttributes.configRef as dialogState, sessionState.sessionAttributes.supported_intents as supIntents, inputTranscript as utterance, interpretations.0.intent.name as firstInterp, sessionState.sessionAttributes.lexIntent as lexIntent, substr(requestId, strlen(requestId)-1) as Attempt, requestId, sessionId, sessionState.originatingRequestId,\nstrcontains(sessionState.sessionAttributes.lexIntent, 'agent') as agent,\nstrcontains(sessionState.sessionAttributes.lexIntent, 'fallback') as fail,\nreplace(replace(replace(concat(agent, fail), '00', 'Matched Intent'), '01', 'Failed to Match Intent'), '10', 'Requested Agent') as SessionOutcome, replace(replace(isblank(SessionOutcome), '1', 'Re-Prompt'), '0', SessionOutcome) as AttemptOutcome\n| filter Attempt = 2 AND dialogState = 'lob_us'\n| stats count() as Count by AttemptOutcome",
        "region": "eu-central-1",
        "stacked": false,
        "view": "pie",
        "title": "Second Attempt Outcome"
      }
    },
    {
      "height": 8,
      "width": 8,
      "y": 9,
      "x": 16,
      "type": "log",
      "properties": {
        "query": "SOURCE '/aws/lexv2/router-bot' | fields sessionState.sessionAttributes.configRef as dialogState, sessionState.sessionAttributes.supported_intents as supIntents, inputTranscript as utterance, interpretations.0.intent.name as firstInterp, sessionState.sessionAttributes.lexIntent as lexIntent, substr(requestId, strlen(requestId)-1) as Attempt, requestId, sessionId, sessionState.originatingRequestId,\nstrcontains(sessionState.sessionAttributes.lexIntent, 'agent') as agent,\nstrcontains(sessionState.sessionAttributes.lexIntent, 'fallback') as fail,\nreplace(replace(replace(concat(agent, fail), '00', 'Matched Intent'), '01', 'Failed to Match Intent'), '10', 'Requested Agent') as SessionOutcome, replace(replace(isblank(SessionOutcome), '1', 'Re-Prompt'), '0', SessionOutcome) as AttemptOutcome\n| filter Attempt = 3 AND dialogState = 'lob_us'\n| stats count() as Count by AttemptOutcome",
        "region": "eu-central-1",
        "stacked": false,
        "view": "pie",
        "title": "Third Attempt Outcome"
      }
    },
    {
      "height": 11,
      "width": 11,
      "y": 17,
      "x": 0,
      "type": "log",
      "properties": {
        "query": "SOURCE '/aws/lexv2/router-bot' | fields sessionState.sessionAttributes.configRef as dialogState, sessionState.sessionAttributes.supported_intents as supIntents, inputTranscript as Utterance, interpretations.0.intent.name as firstInterp, sessionState.sessionAttributes.lexIntent as lexIntent, substr(requestId, strlen(requestId)-1) as Attempt, requestId, sessionId, sessionState.originatingRequestId\n| filter isblank(lexIntent) AND NOT isblank(inputTranscript) AND dialogState = 'lob_us'\n| stats count() as Count by Utterance\n| sort by Count desc",
        "region": "eu-central-1",
        "stacked": false,
        "title": "Most Common Missed Utterances",
        "view": "table"
      }
    },
    {
      "height": 11,
      "width": 13,
      "y": 17,
      "x": 11,
      "type": "log",
      "properties": {
        "query": "SOURCE '/aws/lexv2/router-bot' | fields sessionState.sessionAttributes.configRef as dialogState, sessionState.sessionAttributes.supported_intents as supIntents, inputTranscript as Utterance, interpretations.0.intent.name as firstInterp, sessionState.sessionAttributes.lexIntent as lexIntent, sessionState.sessionAttributes.nluConfidence as ConfidenceLevel, substr(requestId, strlen(requestId)-1) as Attempt, requestId, sessionId, sessionState.originatingRequestId\n| filter NOT isblank(lexIntent) AND lexIntent != 'fallback' AND dialogState = 'lob_us'\n| stats avg(ConfidenceLevel) as Confidence, latest(lexIntent) as MatchedIntent, count() as Frequeny by Utterance\n| sort by Confidence asc, Count desc",
        "region": "eu-central-1",
        "stacked": false,
        "view": "table",
        "title": "Lowest-Confidence Matched Utterances"
      }
    },
    {
      "height": 9,
      "width": 6,
      "y": 0,
      "x": 0,
      "type": "log",
      "properties": {
        "query": "SOURCE '/aws/lexv2/router-bot' | fields sessionState.sessionAttributes.configRef as dialogState, sessionState.sessionAttributes.supported_intents as supIntents, inputTranscript as utterance, interpretations.0.intent.name as firstInterp, sessionState.sessionAttributes.lexIntent as lexIntent, substr(requestId, strlen(requestId)-1) as Attempt, requestId, sessionId, sessionState.originatingRequestId,\nstrcontains(sessionState.sessionAttributes.lexIntent, 'agent') as agent,\nstrcontains(sessionState.sessionAttributes.lexIntent, 'fallback') as fail,\nreplace(replace(replace(concat(agent, fail), '00', concat(Attempt, '. Matched Intent on Attempt ', Attempt)), '01', '5. Failed to Match Intent'), '10', '4. Requested Agent') as SessionOutcome\n| filter not isblank(lexIntent) AND dialogState = 'lob_us'\n| stats count() as Count by SessionOutcome\n| sort by SessionOutcome asc",
        "region": "eu-central-1",
        "stacked": false,
        "title": "Lex Sessions - Outcomes & Attempts Required",
        "view": "table"
      }
    }
  ]
}
