[{"Typing":{"S":"prompt"},"Indexing":{"S":"en-us#standard_menu_ini"},"language":{"S":"en-US"},"name":{"S":"standard_menu_ini"},"prompt_value":{"S":"Which of these can I help you with? You can say order status, <break time=\"500ms\"/> printing digital images, <break time=\"500ms\"/> or say, help me with something else."}},{"Typing":{"S":"prompt"},"Indexing":{"S":"en-us#standard_menu_rep1"},"language":{"S":"en-US"},"name":{"S":"standard_menu_rep1"},"prompt_value":{"S":"Say order status, <break time=\"500ms\"/> printing digital images, <break time=\"500ms\"/> or say, help me with something else."}},{"Typing":{"S":"prompt"},"Indexing":{"S":"en-us#standard_menu_rep2"},"language":{"S":"en-US"},"name":{"S":"standard_menu_rep2"},"prompt_value":{"S":"To check order status, press 1. To learn about copyright releases for printing digital images, 2. Or for anything else, 3."}},{"Typing":{"S":"prompt"},"Indexing":{"S":"en-us#standard_order"},"language":{"S":"en-US"},"name":{"S":"standard_order"},"prompt_value":{"S":"Alright."}},{"Typing":{"S":"prompt"},"Indexing":{"S":"en-us#greeting_welcome"},"language":{"S":"en-US"},"name":{"S":"greeting_welcome"},"prompt_value":{"S":"Hello, and thanks for calling Neuraflash customer service."}},{"Typing":{"S":"prompt"},"Indexing":{"S":"en-us#region_ini"},"language":{"S":"en-US"},"name":{"S":"region_ini"},"prompt_value":{"S":"What state is your school in?"}},{"Typing":{"S":"prompt"},"Indexing":{"S":"en-us#region_rep1"},"language":{"S":"en-US"},"name":{"S":"region_rep1"},"prompt_value":{"S":"To get you to the right agent, what state is your school in?"}},{"Typing":{"S":"prompt"},"Indexing":{"S":"en-us#region_rep2"},"language":{"S":"en-US"},"name":{"S":"region_rep2"},"prompt_value":{"S":"Different agents cover different states. What state is your school in?"}},{"Typing":{"S":"prompt"},"Indexing":{"S":"en-us#region_ack"},"language":{"S":"en-US"},"name":{"S":"region_ack"},"prompt_value":{"S":"Thanks."}},{"Typing":{"S":"prompt"},"Indexing":{"S":"en-us#get_phone_ini"},"language":{"S":"en-US"},"name":{"S":"get_phone_ini"},"prompt_value":{"S":"Enter the number you'd like us to use."}},{"Typing":{"S":"prompt"},"Indexing":{"S":"en-us#get_phone_rep1"},"language":{"S":"en-US"},"name":{"S":"get_phone_rep1"},"prompt_value":{"S":"Sorry, I did not get it. Please say or enter the phone number we should use."}},{"Typing":{"S":"prompt"},"Indexing":{"S":"en-us#get_phone_rep2"},"language":{"S":"en-US"},"name":{"S":"get_phone_rep2"},"prompt_value":{"S":"Let's try one more time, please enter the phone number we should use."}},{"Typing":{"S":"prompt"},"Indexing":{"S":"en-us#get_phone_success"},"language":{"S":"en-US"},"name":{"S":"get_phone_success"},"prompt_value":{"S":"Thanks"}},{"Typing":{"S":"prompt"},"Indexing":{"S":"en-us#get_phone_fail"},"language":{"S":"en-US"},"name":{"S":"get_phone_fail"},"prompt_value":{"S":"Sorry, I'm still not able to understand you."}}]