Typing,Indexing,language,name,prompt_value
prompt,en-us#standard_menu_ini,en-US,standard_menu_ini,"Which of these can I help you with? You can say order status, printing digital images, or say, help me with something else."
prompt,en-us#standard_menu_rep1,en-US,standard_menu_rep1,"Say order status, printing digital images, or say, help me with something else."
prompt,en-us#standard_menu_rep2,en-US,standard_menu_rep2,"To check order status, press 1. To learn about copyright releases for printing digital images, 2. Or for anything else, 3."
prompt,en-us#standard_menu_fail,en-US,standard_menu_fail,"Sorry, I'm still not able to understand you."
prompt,en-us#confirm_intent_order_status,en-US,confirm_intent_order_status,"Okay, I can help you with Order Status."
prompt,en-us#confirm_intent_printing_images,en-US,confirm_intent_printing_images,"Okay, I can help you with digital printing images."
prompt,en-us#confirm_intent_order_status,en-US,confirm_intent_order_status,Okay.
prompt,en-us#greeting_welcome,en-US,greeting_welcome,"Hello, and thanks for calling Neuraflash customer service."
prompt,en-us#get_state_ini,en-US,get_state_ini,What state is your school in?
prompt,en-us#get_state_rep1,en-US,get_state_rep1,"To get you to the right agent, what state is your school in?"
prompt,en-us#get_state_rep2,en-US,get_state_rep2,Different agents cover different states. What state is your school in?
prompt,en-us#get_state_ack,en-US,get_state_ack,Thanks.
prompt,en-us#get_state_fail,en-US,get_state_fail,"Sorry, I'm still not able to understand you."
prompt,en-us#get_zipcode_ini,en-US,get_zipcode_ini,Can you please provide me your 5 digit zip code?
prompt,en-us#get_zipcode_rep1,en-US,get_zipcode_rep1,"Sorry, I didn’t get that. Please say your 5-digit ZIP code."
prompt,en-us#get_zipcode_rep2,en-US,get_zipcode_rep2,Let’s try one more time. You can say or enter your 5-digit ZIP code using the keypad on your phone.
prompt,en-us#get_zipcode_success,en-US,get_zipcode_success,Thanks.
prompt,en-us#get_zipcode_fail,en-US,get_zipcode_fail,"Sorry, I'm still not able to understand you."
prompt,en-us#agent_requested,en-US,agent_requested,I will connect you with agent.