{
  "bot_name_short": "router-bot",
  "bot_prefix": "clientPrefix-stage-region-",
  "bot_locales": {
    "en_US": {
      "enabled": true,
      "description": "en_US locale",
      "nluIntentConfidenceThreshold": 0.4,
      "voiceSettings": {
        "voiceId": "Ruth",
        "engine": "neural"
      },
      "slot_types": [
        {
          "name": "states",
          "valueSelectionSetting": {
            "resolutionStrategy": "TopResolution"
          },
          "parentSlotTypeSignature": null,
          "uniqValues": [],
          "duplicates": [],
          "synonymsCount": 102,
          "slotTypeValues": [
            {
              "sampleValue": {
                "value": "AL"
              },
              "synonyms": [
                {
                  "value": "Alabama"
                }
              ]
            },
            {
              "sampleValue": {
                "value": "AK"
              },
              "synonyms": [
                {
                  "value": "Alaska"
                }
              ]
            },
            {
              "sampleValue": {
                "value": "AZ"
              },
              "synonyms": [
                {
                  "value": "Arizona"
                }
              ]
            },
            {
              "sampleValue": {
                "value": "AR"
              },
              "synonyms": [
                {
                  "value": "Arkansas"
                }
              ]
            },
            {
              "sampleValue": {
                "value": "CA"
              },
              "synonyms": [
                {
                  "value": "California"
                }
              ]
            },
            {
              "sampleValue": {
                "value": "CO"
              },
              "synonyms": [
                {
                  "value": "Colorado"
                }
              ]
            },
            {
              "sampleValue": {
                "value": "CT"
              },
              "synonyms": [
                {
                  "value": "Connecticut"
                }
              ]
            },
            {
              "sampleValue": {
                "value": "DE"
              },
              "synonyms": [
                {
                  "value": "Delaware"
                }
              ]
            },
            {
              "sampleValue": {
                "value": "DC"
              },
              "synonyms": [
                {
                  "value": "District of Columbia"
                }
              ]
            },
            {
              "sampleValue": {
                "value": "FL"
              },
              "synonyms": [
                {
                  "value": "Florida"
                }
              ]
            },
            {
              "sampleValue": {
                "value": "GA"
              },
              "synonyms": [
                {
                  "value": "Georgia"
                }
              ]
            },
            {
              "sampleValue": {
                "value": "HI"
              },
              "synonyms": [
                {
                  "value": "Hawaii"
                }
              ]
            },
            {
              "sampleValue": {
                "value": "ID"
              },
              "synonyms": [
                {
                  "value": "Idaho"
                }
              ]
            },
            {
              "sampleValue": {
                "value": "IL"
              },
              "synonyms": [
                {
                  "value": "Illinois"
                }
              ]
            },
            {
              "sampleValue": {
                "value": "IN"
              },
              "synonyms": [
                {
                  "value": "Indiana"
                }
              ]
            },
            {
              "sampleValue": {
                "value": "IA"
              },
              "synonyms": [
                {
                  "value": "Iowa"
                }
              ]
            },
            {
              "sampleValue": {
                "value": "KS"
              },
              "synonyms": [
                {
                  "value": "Kansas"
                }
              ]
            },
            {
              "sampleValue": {
                "value": "KY"
              },
              "synonyms": [
                {
                  "value": "Kentucky"
                }
              ]
            },
            {
              "sampleValue": {
                "value": "LA"
              },
              "synonyms": [
                {
                  "value": "Louisiana"
                }
              ]
            },
            {
              "sampleValue": {
                "value": "ME"
              },
              "synonyms": [
                {
                  "value": "Maine"
                }
              ]
            },
            {
              "sampleValue": {
                "value": "MD"
              },
              "synonyms": [
                {
                  "value": "Maryland"
                }
              ]
            },
            {
              "sampleValue": {
                "value": "MA"
              },
              "synonyms": [
                {
                  "value": "Massachusetts"
                }
              ]
            },
            {
              "sampleValue": {
                "value": "MI"
              },
              "synonyms": [
                {
                  "value": "Michigan"
                }
              ]
            },
            {
              "sampleValue": {
                "value": "MN"
              },
              "synonyms": [
                {
                  "value": "Minnesota"
                }
              ]
            },
            {
              "sampleValue": {
                "value": "MS"
              },
              "synonyms": [
                {
                  "value": "Mississippi"
                }
              ]
            },
            {
              "sampleValue": {
                "value": "MO"
              },
              "synonyms": [
                {
                  "value": "Missouri"
                }
              ]
            },
            {
              "sampleValue": {
                "value": "MT"
              },
              "synonyms": [
                {
                  "value": "Montana"
                }
              ]
            },
            {
              "sampleValue": {
                "value": "NE"
              },
              "synonyms": [
                {
                  "value": "Nebraska"
                }
              ]
            },
            {
              "sampleValue": {
                "value": "NV"
              },
              "synonyms": [
                {
                  "value": "Nevada"
                }
              ]
            },
            {
              "sampleValue": {
                "value": "NH"
              },
              "synonyms": [
                {
                  "value": "New Hampshire"
                }
              ]
            },
            {
              "sampleValue": {
                "value": "NJ"
              },
              "synonyms": [
                {
                  "value": "New Jersey"
                }
              ]
            },
            {
              "sampleValue": {
                "value": "NM"
              },
              "synonyms": [
                {
                  "value": "New Mexico"
                }
              ]
            },
            {
              "sampleValue": {
                "value": "NY"
              },
              "synonyms": [
                {
                  "value": "New York"
                }
              ]
            },
            {
              "sampleValue": {
                "value": "NC"
              },
              "synonyms": [
                {
                  "value": "North Carolina"
                }
              ]
            },
            {
              "sampleValue": {
                "value": "ND"
              },
              "synonyms": [
                {
                  "value": "North Dakota"
                }
              ]
            },
            {
              "sampleValue": {
                "value": "OH"
              },
              "synonyms": [
                {
                  "value": "Ohio"
                }
              ]
            },
            {
              "sampleValue": {
                "value": "OK"
              },
              "synonyms": [
                {
                  "value": "Oklahoma"
                }
              ]
            },
            {
              "sampleValue": {
                "value": "OR"
              },
              "synonyms": [
                {
                  "value": "Oregon"
                }
              ]
            },
            {
              "sampleValue": {
                "value": "PA"
              },
              "synonyms": [
                {
                  "value": "Pennsylvania"
                }
              ]
            },
            {
              "sampleValue": {
                "value": "RI"
              },
              "synonyms": [
                {
                  "value": "Rhode Island"
                }
              ]
            },
            {
              "sampleValue": {
                "value": "SC"
              },
              "synonyms": [
                {
                  "value": "South Carolina"
                }
              ]
            },
            {
              "sampleValue": {
                "value": "SD"
              },
              "synonyms": [
                {
                  "value": "South Dakota"
                }
              ]
            },
            {
              "sampleValue": {
                "value": "TN"
              },
              "synonyms": [
                {
                  "value": "Tennessee"
                }
              ]
            },
            {
              "sampleValue": {
                "value": "TX"
              },
              "synonyms": [
                {
                  "value": "Texas"
                }
              ]
            },
            {
              "sampleValue": {
                "value": "UT"
              },
              "synonyms": [
                {
                  "value": "Utah"
                }
              ]
            },
            {
              "sampleValue": {
                "value": "VT"
              },
              "synonyms": [
                {
                  "value": "Vermont"
                }
              ]
            },
            {
              "sampleValue": {
                "value": "VA"
              },
              "synonyms": [
                {
                  "value": "Virginia"
                }
              ]
            },
            {
              "sampleValue": {
                "value": "WA"
              },
              "synonyms": [
                {
                  "value": "Washington"
                }
              ]
            },
            {
              "sampleValue": {
                "value": "WV"
              },
              "synonyms": [
                {
                  "value": "West Virginia"
                }
              ]
            },
            {
              "sampleValue": {
                "value": "WI"
              },
              "synonyms": [
                {
                  "value": "Wisconsin"
                }
              ]
            },
            {
              "sampleValue": {
                "value": "WY"
              },
              "synonyms": [
                {
                  "value": "Wyoming"
                }
              ]
            }
          ],
          "id": "GBQIHXXUDM"
        }
      ],
      "intents": [
        {
          "name": "warm_lex",
          "slots": [],
          "sampleUtterances": [
            {
              "utterance": "warm lex"
            }
          ],
          "slotPriorities": [],
          "inputContexts": [],
          "fulfillmentCodeHook": {
            "enabled": false,
            "active": false
          },
          "dialogCodeHook": {
            "enabled": false
          },
          "id": "9EWXVSHSCX"
        },
        {
          "name": "agent",
          "slots": [],
          "sampleUtterances": [
            {
              "utterance": "agent"
            },
            {
              "utterance": "agent please"
            },
            {
              "utterance": "can I speak to a customer representative"
            },
            {
              "utterance": "can I speak to an agent"
            },
            {
              "utterance": "can I speak to an operator"
            },
            {
              "utterance": "can I speak to someone"
            },
            {
              "utterance": "can I talk to a real person"
            },
            {
              "utterance": "can I talk to somebody"
            },
            {
              "utterance": "can you get me support please"
            },
            {
              "utterance": "connect me to an agent"
            },
            {
              "utterance": "connect me to someone"
            },
            {
              "utterance": "customer care"
            },
            {
              "utterance": "customer complaint"
            },
            {
              "utterance": "customer rep"
            },
            {
              "utterance": "customer representative"
            },
            {
              "utterance": "customer service"
            },
            {
              "utterance": "customer service agent"
            },
            {
              "utterance": "customer service rep"
            },
            {
              "utterance": "customer support"
            },
            {
              "utterance": "give me a fucking agent"
            },
            {
              "utterance": "give me a live person"
            },
            {
              "utterance": "give me a person"
            },
            {
              "utterance": "human being"
            },
            {
              "utterance": "I need a representative"
            },
            {
              "utterance": "I need an agent"
            },
            {
              "utterance": "I need to speak to a agent"
            },
            {
              "utterance": "I need to speak to a person"
            },
            {
              "utterance": "I need to speak to a representative"
            },
            {
              "utterance": "I need to speak to an operator"
            },
            {
              "utterance": "I need to speak to someone"
            },
            {
              "utterance": "I need to speak with a representative"
            },
            {
              "utterance": "I need to speak with the operator"
            },
            {
              "utterance": "I need to talk to a representative"
            },
            {
              "utterance": "I need to talk to an associate"
            },
            {
              "utterance": "I need to talk to somebody"
            },
            {
              "utterance": "I need to talk to someone"
            },
            {
              "utterance": "I wanna talk to a person"
            },
            {
              "utterance": "I wanna talk to somebody"
            },
            {
              "utterance": "I want to speak to someone"
            },
            {
              "utterance": "I want to talk to a real person"
            },
            {
              "utterance": "I want to talk to customer service"
            },
            {
              "utterance": "I want to talk to someone"
            },
            {
              "utterance": "I would like to talk to somebody"
            },
            {
              "utterance": "I'd like to talk to an agent"
            },
            {
              "utterance": "need an operator"
            },
            {
              "utterance": "representative"
            },
            {
              "utterance": "speak to a customer service representative"
            },
            {
              "utterance": "speak to a manager"
            },
            {
              "utterance": "speak to a person"
            },
            {
              "utterance": "speak to a representative"
            },
            {
              "utterance": "speak to an agent"
            },
            {
              "utterance": "speak to an associate"
            },
            {
              "utterance": "speak to an operator"
            },
            {
              "utterance": "speak to customer service"
            },
            {
              "utterance": "speak to representative"
            },
            {
              "utterance": "speak to somebody"
            },
            {
              "utterance": "speak to supervisor"
            },
            {
              "utterance": "speak with an agent"
            },
            {
              "utterance": "speak with human"
            },
            {
              "utterance": "speak with representative"
            },
            {
              "utterance": "speak with somebody"
            },
            {
              "utterance": "speak with supervisor"
            },
            {
              "utterance": "talk to a manager"
            },
            {
              "utterance": "talk to a person"
            },
            {
              "utterance": "talk to a representative"
            },
            {
              "utterance": "talk to a supervisor"
            },
            {
              "utterance": "talk to an agent please"
            },
            {
              "utterance": "talk to customer care agent"
            },
            {
              "utterance": "talk to customer representative"
            },
            {
              "utterance": "talk to customer service"
            },
            {
              "utterance": "talk to customer support"
            },
            {
              "utterance": "talk to manager"
            },
            {
              "utterance": "talk to operator"
            },
            {
              "utterance": "talk to representative"
            }
          ],
          "slotPriorities": [],
          "inputContexts": [],
          "fulfillmentCodeHook": {
            "enabled": true,
            "active": true
          },
          "dialogCodeHook": {
            "enabled": true
          },
          "id": "XHMUHCMQPA"
        },
        {
          "name": "number",
          "slots": [
            {
              "name": "number_slot",
              "slotType": "AMAZON.Number",
              "valueElicitationSetting": {
                "slotConstraint": "Required",
                "promptSpecification": {
                  "messageGroups": [
                    {
                      "message": {
                        "plainTextMessage": {
                          "value": ","
                        }
                      }
                    }
                  ],
                  "maxRetries": 4
                }
              },
              "id": "XC2PQ53EXH"
            }
          ],
          "sampleUtterances": [
            {
              "utterance": "{number_slot}"
            }
          ],
          "slotPriorities": [
            {
              "priority": 1,
              "slotName": "number_slot"
            }
          ],
          "inputContexts": [],
          "fulfillmentCodeHook": {
            "enabled": true,
            "active": true
          },
          "dialogCodeHook": {
            "enabled": true
          },
          "id": "NTAHFFFNQW"
        },
        {
          "name": "order_status",
          "slots": [],
          "sampleUtterances": [
            {
              "utterance": "order status"
            },
            {
              "utterance": "status"
            },
            {
              "utterance": "check on an order"
            },
            {
              "utterance": "check order status"
            },
            {
              "utterance": "see if my order shipped"
            },
            {
              "utterance": "check order"
            },
            {
              "utterance": "another order"
            },
            {
              "utterance": "status on another order"
            },
            {
              "utterance": "check another order"
            }
          ],
          "slotPriorities": [],
          "inputContexts": [
            {
              "name": "standard_menu"
            }
          ],
          "fulfillmentCodeHook": {
            "enabled": true,
            "active": true
          },
          "dialogCodeHook": {
            "enabled": true
          },
          "id": "TQNPW9IOA2"
        },
        {
          "name": "printing_digital_images",
          "slots": [],
          "sampleUtterances": [
            {
              "utterance": "printing digital images"
            },
            {
              "utterance": "digital images"
            },
            {
              "utterance": "prints from digital images"
            },
            {
              "utterance": "working with digital images"
            },
            {
              "utterance": "work with digital images"
            },
            {
              "utterance": "print digital images"
            }
          ],
          "slotPriorities": [],
          "inputContexts": [
            {
              "name": "standard_menu"
            }
          ],
          "fulfillmentCodeHook": {
            "enabled": true,
            "active": true
          },
          "dialogCodeHook": {
            "enabled": true
          },
          "id": "XLAY07CRZY"
        },
        {
          "name": "hmwse",
          "slots": [],
          "sampleUtterances": [
            {
              "utterance": "help me with something else"
            },
            {
              "utterance": "something else"
            },
            {
              "utterance": "I need something else"
            },
            {
              "utterance": "I need help with something else"
            },
            {
              "utterance": "help with something else"
            },
            {
              "utterance": "something different"
            },
            {
              "utterance": "help with something different"
            },
            {
              "utterance": "more options"
            }
          ],
          "slotPriorities": [],
          "inputContexts": [
            {
              "name": "standard_menu"
            }
          ],
          "fulfillmentCodeHook": {
            "enabled": true,
            "active": true
          },
          "dialogCodeHook": {
            "enabled": true
          },
          "id": "5UFRUC4MDO"
        },
        {
          "name": "states",
          "slots": [
            {
              "name": "states_slot",
              "slotType": "states",
              "valueElicitationSetting": {
                "slotConstraint": "Required",
                "promptSpecification": {
                  "messageGroups": [
                    {
                      "message": {
                        "plainTextMessage": {
                          "value": ","
                        }
                      }
                    }
                  ],
                  "maxRetries": 4
                }
              },
              "id": "WWDK8YGNPL"
            }
          ],
          "sampleUtterances": [
            {
              "utterance": "{states_slot}"
            },
            {
              "utterance": "My school is in {states_slot} state"
            }
          ],
          "slotPriorities": [
            {
              "priority": 1,
              "slotName": "states_slot"
            }
          ],
          "inputContexts": [
            {
              "name": "states"
            }
          ],
          "fulfillmentCodeHook": {
            "enabled": true,
            "active": true
          },
          "dialogCodeHook": {
            "enabled": true
          },
          "id": "ZQAYL9SIBM"
        }
      ]
    }
  },
  "description": "bot created by SDK",
  "idleSessionTTLInSeconds": 800,
  "role_arn": "arn:aws:iam::918888467489:role/nf-dev-us-west-2-lex-role-for-router-bot",
  "dataPrivacy": {
    "ChildDirected": false
  },
  "bot_alias": "active",
  "lambda_name": "clientPrefix-stage-region-lex-handler:active",
  "tags": {},
  "cw_log_group_name": "/aws/lexv2",
  "cw_log_group_arn": "arn:aws:logs:us-west-2:918888467489:log-group:/aws/lexv2/router-bot",
  "bot_name": "nf-dev-us-west-2-router-bot",
  "bot_id": "APCBZXFWNM",
  "botVersionLocaleSpecification": {
    "en_US": {
      "sourceBotVersion": "DRAFT"
    }
  },
  "bot_version": "1",
  "botAliasLocaleSettings": {
    "en_US": {
      "enabled": true,
      "codeHookSpecification": {
        "lambdaCodeHook": {
          "lambdaARN": "arn:aws:lambda:us-west-2:918888467489:function:nf-dev-us-west-2-lex-handler:active",
          "codeHookInterfaceVersion": "1.0"
        }
      }
    }
  },
  "conversationLogSettings": {
    "textLogSettings": [
      {
        "enabled": true,
        "destination": {
          "cloudWatch": {
            "cloudWatchLogGroupArn": "arn:aws:logs:us-west-2:918888467489:log-group:/aws/lexv2/router-bot",
            "logPrefix": "nf-dev-us-west-2-router-bot"
          }
        }
      }
    ]
  },
  "alias_id": "G1KA9EMM17"
}