{
  "role_name": "neuraflash-stage-lex-role-sdk",
  "trusted_entity": {
    "Version": "2012-10-17",
    "Statement": [
      {
        "Effect": "Allow",
        "Principal": {
          "Service": "lexv2.amazonaws.com"
        },
        "Action": "sts:AssumeRole"
      }
    ]
  },
  "policy_name": "lex-policy-neuraflash-sdk",
  "policy_document": {
    "Version": "2012-10-17",
    "Statement": [
      {
        "Effect": "Allow",
        "Action": ["polly:SynthesizeSpeech"],
        "Resource": "*"
      }
    ]
  }
}
