{
  "bot_name_short": "router-bot",
  "bot_prefix": "clientPrefix-stage-region-",
  "bot_locales": {
    "en_US": {
      "enabled": true,
      "description": "en_US locale",
      "nluIntentConfidenceThreshold": 0.4,
      "voiceSettings": {
        "voiceId": "Ruth",
        "engine": "neural"
      }
    }
  },
  "description": "bot created by SDK",
  "idleSessionTTLInSeconds": 800,
  "role_arn": "",
  "dataPrivacy": {
    "ChildDirected": false
  },
  "bot_alias": "active",
  "lambda_name": "clientPrefix-stage-region-lex-handler:active",
  "tags": {},
  "cw_log_group_name": "/aws/lexv2"
}
