{
  "role_name": "clientPrefix-stage-region-lex-role-for-",
  "trusted_entity": {
    "Version": "2012-10-17",
    "Statement": [
      {
        "Effect": "Allow",
        "Principal": {
          "Service": "lexv2.amazonaws.com"
        },
        "Action": "sts:AssumeRole"
      }
    ]
  },
  "policy_name": "clientPrefix-stage-region-lex-policy-for-",
  "policy_document": {
    "Version": "2012-10-17",
    "Statement": [
      {
        "Sid": "PollyPermissions",
        "Effect": "Allow",
        "Action": ["polly:SynthesizeSpeech"],
        "Resource": "*"
      },
      {
        "Sid": "CloudWatchPermissions",
        "Effect": "Allow",
        "Action": ["logs:CreateLogStream", "logs:PutLogEvents"],
        "Resource": ["*"]
      }
    ]
  }
}
