{
  "role_name": "nf-dev-us-west-2-lex-role-for-router-bot",
  "trusted_entity": {
    "Version": "2012-10-17",
    "Statement": [
      {
        "Effect": "Allow",
        "Principal": {
          "Service": "lexv2.amazonaws.com"
        },
        "Action": "sts:AssumeRole"
      }
    ]
  },
  "policy_name": "nf-dev-us-west-2-lex-policy-for-router-bot",
  "policy_document": {
    "Version": "2012-10-17",
    "Statement": [
      {
        "Sid": "PollyPermissions",
        "Effect": "Allow",
        "Action": [
          "polly:SynthesizeSpeech"
        ],
        "Resource": "*"
      },
      {
        "Sid": "CloudWatchPermissions",
        "Effect": "Allow",
        "Action": [
          "logs:CreateLogStream",
          "logs:PutLogEvents"
        ],
        "Resource": [
          "arn:aws:logs:us-west-2:918888467489:log-group:/aws/lexv2/router-bot:*"
        ]
      }
    ]
  },
  "role_arn": "arn:aws:iam::918888467489:role/nf-dev-us-west-2-lex-role-for-router-bot"
}