[
  {
    "AllowedAccessControlTags": {},
    "Arn": "arn:aws:connect:us-west-2:918888467489:instance/ca46f1b5-00fa-4367-9b07-1be582ecea11/security-profile/1119f8d0-41af-4378-a912-b4613ae799e1",
    "Description": "A call center manager (or call center admin) manages the day-to-day aspects of the call center.",
    "HierarchyRestrictedResources": [],
    "Id": "1119f8d0-41af-4378-a912-b4613ae799e1",
    "LastModifiedRegion": "us-west-2",
    "LastModifiedTime": "2024-06-26T13:45:30.060Z",
    "OrganizationResourceId": "ca46f1b5-00fa-4367-9b07-1be582ecea11",
    "SecurityProfileName": "CallCenterManager",
    "TagRestrictedResources": [],
    "Tags": {},
    "Permissions": [
      "AccessMetrics",
      "AgentStates.Create",
      "AgentStates.Edit",
      "AgentStates.EnableAndDisable",
      "AgentStates.View",
      "AgentTimeCard.View",
      "ContactAttributes.View",
      "ContactFlowModules.Create",
      "ContactFlowModules.Delete",
      "ContactFlowModules.Edit",
      "ContactFlowModules.Publish",
      "ContactFlowModules.View",
      "ContactFlows.Create",
      "ContactFlows.Delete",
      "ContactFlows.Edit",
      "ContactFlows.Publish",
      "ContactFlows.View",
      "ContactSearch.View",
      "CustomerProfiles.CalculatedAttributes.Create",
      "CustomerProfiles.CalculatedAttributes.Delete",
      "CustomerProfiles.CalculatedAttributes.Edit",
      "CustomerProfiles.CalculatedAttributes.View",
      "DeleteCallRecordings",
      "DownloadCallRecordings",
      "HoursOfOperation.Create",
      "HoursOfOperation.Edit",
      "HoursOfOperation.View",
      "ListenCallRecordings",
      "ManagerListenIn",
      "MetricsReports.Create",
      "MetricsReports.Delete",
      "MetricsReports.Edit",
      "MetricsReports.Publish",
      "MetricsReports.Schedule",
      "MetricsReports.Share",
      "MetricsReports.View",
      "PhoneNumbers.Claim",
      "PhoneNumbers.Edit",
      "PhoneNumbers.Release",
      "PhoneNumbers.View",
      "Prompts.Create",
      "Prompts.Delete",
      "Prompts.Edit",
      "Prompts.View",
      "Queues.Create",
      "Queues.Edit",
      "Queues.EnableAndDisable",
      "Queues.View",
      "ReportSchedules.Create",
      "ReportSchedules.Delete",
      "ReportSchedules.Edit",
      "ReportSchedules.View",
      "RoutingPolicies.Create",
      "RoutingPolicies.Edit",
      "RoutingPolicies.View",
      "TaskTemplates.Create",
      "TaskTemplates.Delete",
      "TaskTemplates.Edit",
      "TaskTemplates.View",
      "TransferDestinations.Create",
      "TransferDestinations.Edit",
      "TransferDestinations.View",
      "Users.Create",
      "Users.Edit",
      "Users.EnableAndDisable",
      "Users.View"
    ]
  },
  {
    "AllowedAccessControlTags": {},
    "Arn": "arn:aws:connect:us-west-2:918888467489:instance/ca46f1b5-00fa-4367-9b07-1be582ecea11/security-profile/33a9a73a-68f4-4224-b6f3-e4f091cfd2b0",
    "Description": "A quality analyst works to improve the customer experience and keeps track of live service metrics.",
    "HierarchyRestrictedResources": [],
    "Id": "33a9a73a-68f4-4224-b6f3-e4f091cfd2b0",
    "LastModifiedRegion": "us-west-2",
    "LastModifiedTime": "2024-06-26T13:45:30.398Z",
    "OrganizationResourceId": "ca46f1b5-00fa-4367-9b07-1be582ecea11",
    "SecurityProfileName": "QualityAnalyst",
    "TagRestrictedResources": [],
    "Tags": {},
    "Permissions": [
      "AccessMetrics",
      "AgentTimeCard.View",
      "ContactAttributes.View",
      "ContactSearch.View"
    ]
  },
  {
    "AllowedAccessControlTags": {},
    "Arn": "arn:aws:connect:us-west-2:918888467489:instance/ca46f1b5-00fa-4367-9b07-1be582ecea11/security-profile/8c75b278-8424-41f6-b199-bea5f2bbccda",
    "Description": "Security profile created for the Lifetouch CST Manager/Lead to provide access to Analytics and Users",
    "HierarchyRestrictedResources": [],
    "Id": "8c75b278-8424-41f6-b199-bea5f2bbccda",
    "LastModifiedRegion": "us-west-2",
    "LastModifiedTime": "2024-06-26T13:45:30.749Z",
    "OrganizationResourceId": "ca46f1b5-00fa-4367-9b07-1be582ecea11",
    "SecurityProfileName": "Lifetouch CST Manager Lead",
    "TagRestrictedResources": [],
    "Tags": {},
    "Permissions": [
      "AccessMetrics",
      "AccessMetrics.AgentActivityAudit.Access",
      "AccessMetrics.Dashboards.Access",
      "AccessMetrics.HistoricalMetrics.Access",
      "AccessMetrics.RealTimeMetrics.Access",
      "Users.View"
    ]
  },
  {
    "AllowedAccessControlTags": {},
    "Arn": "arn:aws:connect:us-west-2:918888467489:instance/ca46f1b5-00fa-4367-9b07-1be582ecea11/security-profile/b10ce202-c2d5-4eb3-a630-020f64d44b92",
    "Description": "An agent is a user of the system that is focused on customer care and/or sales.  Their role is unlikely to be technical.",
    "HierarchyRestrictedResources": [],
    "Id": "b10ce202-c2d5-4eb3-a630-020f64d44b92",
    "LastModifiedRegion": "us-west-2",
    "LastModifiedTime": "2024-06-26T13:45:31.075Z",
    "OrganizationResourceId": "ca46f1b5-00fa-4367-9b07-1be582ecea11",
    "SecurityProfileName": "Agent",
    "TagRestrictedResources": [],
    "Tags": {},
    "Permissions": [
      "BasicAgentAccess",
      "OutboundCallAccess"
    ]
  },
  {
    "AllowedAccessControlTags": {},
    "Arn": "arn:aws:connect:us-west-2:918888467489:instance/ca46f1b5-00fa-4367-9b07-1be582ecea11/security-profile/9553694f-aec9-4ca2-896f-e381a3e65de8",
    "Description": "An administrator can perform all actions available.",
    "HierarchyRestrictedResources": [],
    "Id": "9553694f-aec9-4ca2-896f-e381a3e65de8",
    "LastModifiedRegion": "us-west-2",
    "LastModifiedTime": "2024-06-26T13:45:31.408Z",
    "OrganizationResourceId": "ca46f1b5-00fa-4367-9b07-1be582ecea11",
    "SecurityProfileName": "Admin",
    "TagRestrictedResources": [],
    "Tags": {},
    "Permissions": [
      "AccessMetrics",
      "AccessMetrics.AgentActivityAudit.Access",
      "AccessMetrics.Dashboards.Access",
      "AccessMetrics.HistoricalMetrics.Access",
      "AccessMetrics.RealTimeMetrics.Access",
      "AgentGrouping.Create",
      "AgentGrouping.Edit",
      "AgentGrouping.EnableAndDisable",
      "AgentGrouping.View",
      "AgentStates.Create",
      "AgentStates.Edit",
      "AgentStates.EnableAndDisable",
      "AgentStates.View",
      "AgentTimeCard.View",
      "Audio.View",
      "AudioDeviceSettings.Access",
      "BasicAgentAccess",
      "Campaigns.Create",
      "Campaigns.Delete",
      "Campaigns.Edit",
      "Campaigns.Manage",
      "Campaigns.View",
      "Capacity.Edit",
      "Capacity.Publish",
      "Capacity.View",
      "CaseFields.Create",
      "CaseFields.Edit",
      "CaseFields.View",
      "CaseHistory.View",
      "CaseTemplates.Create",
      "CaseTemplates.Edit",
      "CaseTemplates.View",
      "Cases.Create",
      "Cases.Edit",
      "Cases.View",
      "ChatTestMode",
      "ConfigureContactAttributes.View",
      "ContactAttributes.View",
      "ContactFlowModules.Create",
      "ContactFlowModules.Delete",
      "ContactFlowModules.Edit",
      "ContactFlowModules.Publish",
      "ContactFlowModules.View",
      "ContactFlows.Create",
      "ContactFlows.Delete",
      "ContactFlows.Edit",
      "ContactFlows.Publish",
      "ContactFlows.View",
      "ContactLensCustomVocabulary.Edit",
      "ContactLensCustomVocabulary.View",
      "ContactSearch.View",
      "ContactSearchWithCharacteristics.Access",
      "ContactSearchWithCharacteristics.View",
      "ContactSearchWithKeywords.Access",
      "ContactSearchWithKeywords.View",
      "ContentManagement.Create",
      "ContentManagement.Delete",
      "ContentManagement.Edit",
      "ContentManagement.View",
      "CustomViews.Access",
      "CustomerProfiles.CalculatedAttributes.Create",
      "CustomerProfiles.CalculatedAttributes.Delete",
      "CustomerProfiles.CalculatedAttributes.Edit",
      "CustomerProfiles.CalculatedAttributes.View",
      "CustomerProfiles.Create",
      "CustomerProfiles.Edit",
      "CustomerProfiles.View",
      "DeleteCallRecordings",
      "DownloadCallRecordings",
      "Evaluation.Create",
      "Evaluation.Delete",
      "Evaluation.Edit",
      "Evaluation.View",
      "EvaluationForms.Create",
      "EvaluationForms.Delete",
      "EvaluationForms.Edit",
      "EvaluationForms.View",
      "ForecastScheduleInterval.Edit",
      "ForecastScheduleInterval.View",
      "Forecasting.Edit",
      "Forecasting.Publish",
      "Forecasting.View",
      "GraphTrends.View",
      "HistoricalChanges.View",
      "HoursOfOperation.Create",
      "HoursOfOperation.Delete",
      "HoursOfOperation.Edit",
      "HoursOfOperation.View",
      "ListenCallRecordings",
      "ManagerBargeIn",
      "ManagerListenIn",
      "MetricsReports.Create",
      "MetricsReports.Delete",
      "MetricsReports.Edit",
      "MetricsReports.Publish",
      "MetricsReports.Schedule",
      "MetricsReports.Share",
      "MetricsReports.View",
      "MyContacts.View",
      "OutboundCallAccess",
      "PhoneNumbers.Claim",
      "PhoneNumbers.Edit",
      "PhoneNumbers.Release",
      "PhoneNumbers.View",
      "PredefinedAttributes.Create",
      "PredefinedAttributes.Delete",
      "PredefinedAttributes.Edit",
      "PredefinedAttributes.View",
      "Prompts.Create",
      "Prompts.Delete",
      "Prompts.Edit",
      "Prompts.View",
      "Queues.Create",
      "Queues.Edit",
      "Queues.EnableAndDisable",
      "Queues.Purge",
      "Queues.View",
      "RealtimeContactLens.View",
      "RedactedData.View",
      "ReportSchedules.Create",
      "ReportSchedules.Delete",
      "ReportSchedules.Edit",
      "ReportSchedules.View",
      "ReportsAdmin.Access",
      "ReportsAdmin.Delete",
      "ReportsAdmin.Publish",
      "ReportsAdmin.Schedule",
      "ReportsAdmin.View",
      "RoutingPolicies.Create",
      "RoutingPolicies.Edit",
      "RoutingPolicies.View",
      "Rules.Create",
      "Rules.Delete",
      "Rules.Edit",
      "Rules.View",
      "Scheduling.Edit",
      "Scheduling.Publish",
      "Scheduling.View",
      "ScreenRecording.Access",
      "ScreenRecording.Delete",
      "ScreenRecording.Download",
      "SecurityProfiles.Create",
      "SecurityProfiles.Delete",
      "SecurityProfiles.Edit",
      "SecurityProfiles.View",
      "StaffCalendar.Edit",
      "StaffCalendar.View",
      "StopContact.Enabled",
      "TaskTemplates.Create",
      "TaskTemplates.Delete",
      "TaskTemplates.Edit",
      "TaskTemplates.View",
      "TeamCalendar.Edit",
      "TeamCalendar.View",
      "TimeOff.Approve",
      "TimeOff.Edit",
      "TimeOff.View",
      "TimeOffBalance.Edit",
      "TimeOffBalance.View",
      "Transcript.View",
      "TransferContact.Enabled",
      "TransferDestinations.Create",
      "TransferDestinations.Delete",
      "TransferDestinations.Edit",
      "TransferDestinations.View",
      "UnredactedData.View",
      "UpdateContactSchedule.Enabled",
      "Users.Create",
      "Users.Delete",
      "Users.Edit",
      "Users.EditPermission",
      "Users.EnableAndDisable",
      "Users.View",
      "VideoContact.Access",
      "Views.Create",
      "Views.Edit",
      "Views.Remove",
      "Views.View",
      "VoiceId.Access",
      "VoiceIdAttributesAndSearch.View",
      "Wisdom.View"
    ]
  }
]