{
  "LevelOne": {
    "Arn": "arn:aws:connect:us-west-2:918888467489:instance/4a8b7972-6a06-4115-b8d0-0b134a5ec277/agent-group-level/1",
    "Id": "e8abcac2-7556-4a54-9319-7ca8c23aa04e",
    "LastModifiedRegion": "us-west-2",
    "LastModifiedTime": "2025-09-05T20:47:04.799Z",
    "Name": "Admin"
  },
  "LevelThree": {
    "Arn": "arn:aws:connect:us-west-2:918888467489:instance/4a8b7972-6a06-4115-b8d0-0b134a5ec277/agent-group-level/3",
    "Id": "1fb85910-07de-49b3-bc63-eecc39f3af30",
    "LastModifiedRegion": "us-west-2",
    "LastModifiedTime": "2025-09-05T20:47:04.799Z",
    "Name": "Pleb"
  },
  "LevelTwo": {
    "Arn": "arn:aws:connect:us-west-2:918888467489:instance/4a8b7972-6a06-4115-b8d0-0b134a5ec277/agent-group-level/2",
    "Id": "1e5fc454-1386-4041-a1af-c14ce30a5097",
    "LastModifiedRegion": "us-west-2",
    "LastModifiedTime": "2025-09-05T20:47:04.799Z",
    "Name": "Agent"
  }
}