[{"Typing":{"S":"dialogState"},"Indexing":{"S":"standard_menu"},"dialog_name":{"S":"standard_menu"},"bot_name":{"S":"{lex-prefix}-router-bot"},"supported_intents":{"S":"agent; number; order_status; printing_digital_images; hmwse"},"supported_contexts":{"S":"standard_menu"},"resolve_conflict":{"S":""},"required_slots":{"S":""},"optional_slots":{"S":""},"initial_prompt_indexing":{"S":"standard_menu_ini"},"retry_prompt_1_indexing":{"S":"standard_menu_rep1"},"retry_prompt_2_indexing":{"S":"standard_menu_rep2"},"dtmf_option_0":{"S":"agent"},"dtmf_option_1":{"S":"order_status"},"dtmf_option_2":{"S":"copyright"},"dtmf_option_3":{"S":"hmwse"},"dtmf_option_4":{"S":""},"dtmf_option_5":{"S":""},"dtmf_option_6":{"S":""},"dtmf_option_7":{"S":""},"dtmf_option_8":{"S":""},"dtmf_option_9":{"S":""},"x-amz-lex:allow-interrupt:*:*":{"BOOL":true},"x-amz-lex:audio:start-timeout-ms:*:*":{"S":"4000"},"x-amz-lex:audio:end-timeout-ms:*:*":{"S":"200"},"x-amz-lex:audio:max-length-ms:*:*":{"S":"13000"},"x-amz-lex:dtmf:start-timeout-ms:*:*":{"S":"4000"},"x-amz-lex:dtmf:end-timeout-ms:*:*":{"S":"50"},"x-amz-lex:text:start-timeout-ms:*:*":{"S":"4000"},"x-amz-lex:text:end-timeout-ms:*:*":{"S":"50"}},{"Typing":{"S":"dialogState"},"Indexing":{"S":"get_state"},"dialog_name":{"S":"get_state"},"bot_name":{"S":"{lex-prefix}-router-bot"},"supported_intents":{"S":"agent; number; states"},"supported_contexts":{"S":"states"},"resolve_conflict":{"S":""},"required_slots":{"S":"states_slot"},"optional_slots":{"S":""},"initial_prompt_indexing":{"S":"get_state_ini"},"retry_prompt_1_indexing":{"S":"get_state_rep1"},"retry_prompt_2_indexing":{"S":"get_state_rep2"},"dtmf_option_0":{"S":"agent"},"dtmf_option_1":{"S":""},"dtmf_option_2":{"S":""},"dtmf_option_3":{"S":""},"dtmf_option_4":{"S":""},"dtmf_option_5":{"S":""},"dtmf_option_6":{"S":""},"dtmf_option_7":{"S":""},"dtmf_option_8":{"S":""},"dtmf_option_9":{"S":""},"x-amz-lex:allow-interrupt:*:*":{"BOOL":true},"x-amz-lex:audio:start-timeout-ms:*:*":{"S":"4000"},"x-amz-lex:audio:end-timeout-ms:*:*":{"S":"200"},"x-amz-lex:audio:max-length-ms:*:*":{"S":"13000"},"x-amz-lex:dtmf:start-timeout-ms:*:*":{"S":"4000"},"x-amz-lex:dtmf:end-timeout-ms:*:*":{"S":"50"},"x-amz-lex:text:start-timeout-ms:*:*":{"S":"4000"},"x-amz-lex:text:end-timeout-ms:*:*":{"S":"50"}},{"Typing":{"S":"dialogState"},"Indexing":{"S":"get_zipcode"},"dialog_name":{"S":"get_zipcode"},"bot_name":{"S":"{lex-prefix}-router-bot"},"supported_intents":{"S":"number; agent"},"supported_contexts":{"S":""},"resolve_conflict":{"S":""},"required_slots":{"S":"number_slot:5"},"optional_slots":{"S":""},"initial_prompt_indexing":{"S":"get_zipcode_ini"},"retry_prompt_1_indexing":{"S":"get_zipcode_rep1"},"retry_prompt_2_indexing":{"S":"get_zipcode_rep2"},"dtmf_option_0":{"S":"agent"},"dtmf_option_1":{"S":""},"dtmf_option_2":{"S":""},"dtmf_option_3":{"S":""},"dtmf_option_4":{"S":""},"dtmf_option_5":{"S":""},"dtmf_option_6":{"S":""},"dtmf_option_7":{"S":""},"dtmf_option_8":{"S":""},"dtmf_option_9":{"S":""},"x-amz-lex:allow-interrupt:*:*":{"BOOL":true},"x-amz-lex:audio:start-timeout-ms:*:*":{"S":"6000"},"x-amz-lex:audio:end-timeout-ms:*:*":{"S":"3500"},"x-amz-lex:audio:max-length-ms:*:*":{"S":"13000"},"x-amz-lex:dtmf:start-timeout-ms:*:*":{"S":"6000"},"x-amz-lex:dtmf:end-timeout-ms:*:*":{"S":"4000"},"x-amz-lex:text:start-timeout-ms:*:*":{"S":"6000"},"x-amz-lex:text:end-timeout-ms:*:*":{"S":"4000"}}]