[{"Typing":{"S":"prompt"},"Indexing":{"S":"en-us#standard_menu_ini"},"language":{"S":"en-US"},"name":{"S":"standard_menu_ini"},"prompt_value":{"S":"Which of these can I help you with? You can say order status, printing digital images, or say, help me with something else."}},{"Typing":{"S":"prompt"},"Indexing":{"S":"en-us#standard_menu_rep1"},"language":{"S":"en-US"},"name":{"S":"standard_menu_rep1"},"prompt_value":{"S":"Say order status, printing digital images, or say, help me with something else."}},{"Typing":{"S":"prompt"},"Indexing":{"S":"en-us#standard_menu_rep2"},"language":{"S":"en-US"},"name":{"S":"standard_menu_rep2"},"prompt_value":{"S":"To check order status, press 1. To learn about copyright releases for printing digital images, 2. Or for anything else, 3."}},{"Typing":{"S":"prompt"},"Indexing":{"S":"en-us#standard_menu_fail"},"language":{"S":"en-US"},"name":{"S":"standard_menu_fail"},"prompt_value":{"S":"Sorry, I'm still not able to understand you."}},{"Typing":{"S":"prompt"},"Indexing":{"S":"en-us#confirm_intent_order_status"},"language":{"S":"en-US"},"name":{"S":"confirm_intent_order_status"},"prompt_value":{"S":"Okay, I can help you with Order Status."}},{"Typing":{"S":"prompt"},"Indexing":{"S":"en-us#confirm_intent_printing_images"},"language":{"S":"en-US"},"name":{"S":"confirm_intent_printing_images"},"prompt_value":{"S":"Okay, I can help you with digital printing images."}},{"Typing":{"S":"prompt"},"Indexing":{"S":"en-us#greeting_welcome"},"language":{"S":"en-US"},"name":{"S":"greeting_welcome"},"prompt_value":{"S":"Hello, and thanks for calling Neuraflash customer service."}},{"Typing":{"S":"prompt"},"Indexing":{"S":"en-us#get_state_ini"},"language":{"S":"en-US"},"name":{"S":"get_state_ini"},"prompt_value":{"S":"What state is your school in?"}},{"Typing":{"S":"prompt"},"Indexing":{"S":"en-us#get_state_rep1"},"language":{"S":"en-US"},"name":{"S":"get_state_rep1"},"prompt_value":{"S":"To get you to the right agent, what state is your school in?"}},{"Typing":{"S":"prompt"},"Indexing":{"S":"en-us#get_state_rep2"},"language":{"S":"en-US"},"name":{"S":"get_state_rep2"},"prompt_value":{"S":"Different agents cover different states. What state is your school in?"}},{"Typing":{"S":"prompt"},"Indexing":{"S":"en-us#get_state_ack"},"language":{"S":"en-US"},"name":{"S":"get_state_ack"},"prompt_value":{"S":"Thanks."}},{"Typing":{"S":"prompt"},"Indexing":{"S":"en-us#get_state_fail"},"language":{"S":"en-US"},"name":{"S":"get_state_fail"},"prompt_value":{"S":"Sorry, I'm still not able to understand you."}},{"Typing":{"S":"prompt"},"Indexing":{"S":"en-us#get_zipcode_ini"},"language":{"S":"en-US"},"name":{"S":"get_zipcode_ini"},"prompt_value":{"S":"Can you please provide me your 5 digit zip code?"}},{"Typing":{"S":"prompt"},"Indexing":{"S":"en-us#get_zipcode_rep1"},"language":{"S":"en-US"},"name":{"S":"get_zipcode_rep1"},"prompt_value":{"S":"Sorry, I didn’t get that. Please say your 5-digit ZIP code."}},{"Typing":{"S":"prompt"},"Indexing":{"S":"en-us#get_zipcode_rep2"},"language":{"S":"en-US"},"name":{"S":"get_zipcode_rep2"},"prompt_value":{"S":"Let’s try one more time. You can say or enter your 5-digit ZIP code using the keypad on your phone."}},{"Typing":{"S":"prompt"},"Indexing":{"S":"en-us#get_zipcode_success"},"language":{"S":"en-US"},"name":{"S":"get_zipcode_success"},"prompt_value":{"S":"Thanks."}},{"Typing":{"S":"prompt"},"Indexing":{"S":"en-us#get_zipcode_fail"},"language":{"S":"en-US"},"name":{"S":"get_zipcode_fail"},"prompt_value":{"S":"Sorry, I'm still not able to understand you."}},{"Typing":{"S":"prompt"},"Indexing":{"S":"en-us#agent_requested"},"language":{"S":"en-US"},"name":{"S":"agent_requested"},"prompt_value":{"S":"I will connect you with agent."}}]