{"Arn":"arn:aws:connect:us-west-2:918888467489:instance/ca46f1b5-00fa-4367-9b07-1be582ecea11/contact-flow/2bf9f133-6ae0-4407-8e2c-59934aebfbe1","Id":"2bf9f133-6ae0-4407-8e2c-59934aebfbe1","IsDefault":"false","Name":"Lex_Framework_Standard_Menu","Type":"CONTACT_FLOW","State":"ACTIVE","Status":"PUBLISHED","LastModifiedRegion":"us-west-2","LastModifiedTime":1745686738.593,"FlowContentSha256":"1785c6239d8deb8f38cedb3e3fcae6db2a548ddc63e0c3081f069468e438d8fd","Description":"","Content":"{\"Version\":\"2019-10-30\",\"StartAction\":\"ef09bb26-2b82-41df-8fea-f06e64fd2a35\",\"Metadata\":{\"entryPointPosition\":{\"x\":-262.4,\"y\":51.2},\"ActionMetadata\":{\"65a3b603-134a-429e-a611-8ed2d2da3a95\":{\"position\":{\"x\":1412,\"y\":177.6}},\"ef09bb26-2b82-41df-8fea-f06e64fd2a35\":{\"position\":{\"x\":-156,\"y\":32.8}},\"862de84f-57b9-4c4b-be45-beaf44da4f3c\":{\"position\":{\"x\":104,\"y\":34.4}},\"0e7c1c5e-b25a-4708-9fc8-8d33c17d9b85\":{\"position\":{\"x\":941.6,\"y\":-12.8}},\"1e4614fb-964c-439a-93d2-1428ccef8fa6\":{\"position\":{\"x\":940,\"y\":211.2}},\"9e6a7170-2c98-4c6d-9e6f-168d31a25a7f\":{\"position\":{\"x\":386.4,\"y\":33.6},\"dynamicMetadata\":{\"configRef\":false}},\"feec08cd-0c98-43e0-b182-37dd2f1484f5\":{\"position\":{\"x\":673.6,\"y\":31.2},\"parameters\":{\"Text\":{\"useDynamic\":true},\"LexV2Bot\":{\"AliasArn\":{\"useDynamic\":true,\"useLexBotDropdown\":false}},\"LexSessionAttributes\":{\"lex_session_attributes\":{\"useDynamic\":true},\"x-amz-lex:allow-interrupt:*:*\":{\"useDynamic\":true},\"x-amz-lex:audio:end-timeout-ms:*:*\":{\"useDynamic\":true},\"x-amz-lex:audio:max-length-ms:*:*\":{\"useDynamic\":true},\"x-amz-lex:audio:start-timeout-ms:*:*\":{\"useDynamic\":true},\"x-amz-lex:dtmf:end-timeout-ms:*:*\":{\"useDynamic\":true},\"x-amz-lex:dtmf:start-timeout-ms:*:*\":{\"useDynamic\":true},\"x-amz-lex:text:end-timeout-ms:*:*\":{\"useDynamic\":true},\"x-amz-lex:text:start-timeout-ms:*:*\":{\"useDynamic\":true}}},\"dynamicMetadata\":{\"lex_session_attributes\":true,\"firstConnectInvocation\":false,\"x-amz-lex:allow-interrupt:*:*\":true,\"x-amz-lex:audio:end-timeout-ms:*:*\":true,\"x-amz-lex:audio:max-length-ms:*:*\":true,\"x-amz-lex:audio:start-timeout-ms:*:*\":true,\"x-amz-lex:dtmf:end-timeout-ms:*:*\":true,\"x-amz-lex:dtmf:start-timeout-ms:*:*\":true,\"x-amz-lex:text:end-timeout-ms:*:*\":true,\"x-amz-lex:text:start-timeout-ms:*:*\":true},\"useDynamicLexBotArn\":true,\"lexV2BotName\":\"\",\"useDynamic\":true,\"conditionMetadata\":[]}},\"Annotations\":[]},\"Actions\":[{\"Parameters\":{},\"Identifier\":\"65a3b603-134a-429e-a611-8ed2d2da3a95\",\"Type\":\"DisconnectParticipant\",\"Transitions\":{}},{\"Parameters\":{\"FlowLoggingBehavior\":\"Enabled\"},\"Identifier\":\"ef09bb26-2b82-41df-8fea-f06e64fd2a35\",\"Type\":\"UpdateFlowLoggingBehavior\",\"Transitions\":{\"NextAction\":\"862de84f-57b9-4c4b-be45-beaf44da4f3c\"}},{\"Parameters\":{\"Text\":\"Thank you for calling Neuraflash.\"},\"Identifier\":\"862de84f-57b9-4c4b-be45-beaf44da4f3c\",\"Type\":\"MessageParticipant\",\"Transitions\":{\"NextAction\":\"9e6a7170-2c98-4c6d-9e6f-168d31a25a7f\",\"Errors\":[{\"NextAction\":\"9e6a7170-2c98-4c6d-9e6f-168d31a25a7f\",\"ErrorType\":\"NoMatchingError\"}]}},{\"Parameters\":{\"Text\":\"You have selected  $.Lex.SessionAttributes.lexIntent intent.\"},\"Identifier\":\"0e7c1c5e-b25a-4708-9fc8-8d33c17d9b85\",\"Type\":\"MessageParticipant\",\"Transitions\":{\"NextAction\":\"65a3b603-134a-429e-a611-8ed2d2da3a95\",\"Errors\":[{\"NextAction\":\"65a3b603-134a-429e-a611-8ed2d2da3a95\",\"ErrorType\":\"NoMatchingError\"}]}},{\"Parameters\":{\"Text\":\"I am facing technical difficulties. Please try again after some time.\"},\"Identifier\":\"1e4614fb-964c-439a-93d2-1428ccef8fa6\",\"Type\":\"MessageParticipant\",\"Transitions\":{\"NextAction\":\"65a3b603-134a-429e-a611-8ed2d2da3a95\",\"Errors\":[{\"NextAction\":\"65a3b603-134a-429e-a611-8ed2d2da3a95\",\"ErrorType\":\"NoMatchingError\"}]}},{\"Parameters\":{\"LambdaFunctionARN\":\"<lambda:::{clientPrefix}-{stage}-{region}-lex-initializer>\",\"InvocationTimeLimitSeconds\":\"8\",\"LambdaInvocationAttributes\":{\"configRef\":\"standard_menu\"},\"ResponseValidation\":{\"ResponseType\":\"JSON\"}},\"Identifier\":\"9e6a7170-2c98-4c6d-9e6f-168d31a25a7f\",\"Type\":\"InvokeLambdaFunction\",\"Transitions\":{\"NextAction\":\"feec08cd-0c98-43e0-b182-37dd2f1484f5\",\"Errors\":[{\"NextAction\":\"1e4614fb-964c-439a-93d2-1428ccef8fa6\",\"ErrorType\":\"NoMatchingError\"}]}},{\"Parameters\":{\"Text\":\"$.External.lex_initial_prompt\",\"LexV2Bot\":{\"AliasArn\":\"$.External.lex_arn\"},\"LexSessionAttributes\":{\"lex_session_attributes\":\"$.External.lex_session_attributes\",\"firstConnectInvocation\":\"true\",\"x-amz-lex:allow-interrupt:*:*\":\"$.External.lex_allow_interrupt\",\"x-amz-lex:audio:end-timeout-ms:*:*\":\"$.External.lex_audio_end_timeout_ms\",\"x-amz-lex:audio:max-length-ms:*:*\":\"$.External.lex_audio_max_length_ms\",\"x-amz-lex:audio:start-timeout-ms:*:*\":\"$.External.lex_audio_start_timeout_ms\",\"x-amz-lex:dtmf:end-timeout-ms:*:*\":\"$.External.lex_dtmf_end_timeout_ms\",\"x-amz-lex:dtmf:start-timeout-ms:*:*\":\"$.External.lex_dtmf_start_timeout_ms\",\"x-amz-lex:text:end-timeout-ms:*:*\":\"$.External.lex_text_end_timeout_ms\",\"x-amz-lex:text:start-timeout-ms:*:*\":\"$.External.lex_text_start_timeout_ms\"}},\"Identifier\":\"feec08cd-0c98-43e0-b182-37dd2f1484f5\",\"Type\":\"ConnectParticipantWithLexBot\",\"Transitions\":{\"NextAction\":\"1e4614fb-964c-439a-93d2-1428ccef8fa6\",\"Errors\":[{\"NextAction\":\"0e7c1c5e-b25a-4708-9fc8-8d33c17d9b85\",\"ErrorType\":\"NoMatchingCondition\"},{\"NextAction\":\"1e4614fb-964c-439a-93d2-1428ccef8fa6\",\"ErrorType\":\"NoMatchingError\"}]}}]}","Tags":{}}