{"Arn":"arn:aws:connect:us-west-2:918888467489:instance/ca46f1b5-00fa-4367-9b07-1be582ecea11/contact-flow/be70fd12-056f-4028-9761-89420dfa08a0","Id":"be70fd12-056f-4028-9761-89420dfa08a0","IsDefault":"false","Name":"Lex_Initialization_POC_2","Type":"CONTACT_FLOW","State":"ACTIVE","Status":"PUBLISHED","LastModifiedRegion":"us-west-2","LastModifiedTime":1725365386.329,"Description":"","Content":"{\"Version\":\"2019-10-30\",\"StartAction\":\"a7ab67c6-e0a1-4874-a26b-057e61539faf\",\"Metadata\":{\"entryPointPosition\":{\"x\":40,\"y\":40},\"ActionMetadata\":{\"d4936259-c259-4dba-912c-055d151b0eaa\":{\"position\":{\"x\":1793.6,\"y\":153.6}},\"a7ab67c6-e0a1-4874-a26b-057e61539faf\":{\"position\":{\"x\":225.6,\"y\":8.8}},\"12c279c4-a240-43fe-a52f-d55d642b4372\":{\"position\":{\"x\":485.6,\"y\":10.4}},\"80c52be4-4ba1-44b6-a7fe-e56af259ee37\":{\"position\":{\"x\":1323.2,\"y\":-36.8}},\"db4b5fa5-d2a3-4548-b364-6d3010a1e53a\":{\"position\":{\"x\":1321.6,\"y\":187.2}},\"115e6e7b-caa4-4529-bc53-ce10a1abd61b\":{\"position\":{\"x\":768,\"y\":9.6},\"dynamicMetadata\":{\"configRef\":false}},\"1138a4b7-a30d-488b-a1de-7690f050a4a4\":{\"position\":{\"x\":1055.2,\"y\":7.2},\"parameters\":{\"Text\":{\"useDynamic\":true},\"LexV2Bot\":{\"AliasArn\":{\"displayName\":\"active\",\"useLexBotDropdown\":true,\"lexV2BotName\":\"{clientPrefix}-{stage}-{region}-router-bot\"}},\"LexSessionAttributes\":{\"lex_session_attributes\":{\"useDynamic\":true}}},\"dynamicMetadata\":{\"lex_session_attributes\":true,\"firstConnectInvocation\":false},\"useLexBotDropdown\":true,\"lexV2BotName\":\"{clientPrefix}-{stage}-{region}-router-bot\",\"lexV2BotAliasName\":\"active\",\"useDynamic\":true,\"conditionMetadata\":[]}},\"Annotations\":[]},\"Actions\":[{\"Parameters\":{},\"Identifier\":\"d4936259-c259-4dba-912c-055d151b0eaa\",\"Type\":\"DisconnectParticipant\",\"Transitions\":{}},{\"Parameters\":{\"FlowLoggingBehavior\":\"Enabled\"},\"Identifier\":\"a7ab67c6-e0a1-4874-a26b-057e61539faf\",\"Type\":\"UpdateFlowLoggingBehavior\",\"Transitions\":{\"NextAction\":\"12c279c4-a240-43fe-a52f-d55d642b4372\"}},{\"Parameters\":{\"Text\":\"Thank you for calling Neuraflash.\"},\"Identifier\":\"12c279c4-a240-43fe-a52f-d55d642b4372\",\"Type\":\"MessageParticipant\",\"Transitions\":{\"NextAction\":\"115e6e7b-caa4-4529-bc53-ce10a1abd61b\",\"Errors\":[{\"NextAction\":\"115e6e7b-caa4-4529-bc53-ce10a1abd61b\",\"ErrorType\":\"NoMatchingError\"}]}},{\"Parameters\":{\"Text\":\"You have selected  $.Lex.SessionAttributes.lexIntent intent.\"},\"Identifier\":\"80c52be4-4ba1-44b6-a7fe-e56af259ee37\",\"Type\":\"MessageParticipant\",\"Transitions\":{\"NextAction\":\"d4936259-c259-4dba-912c-055d151b0eaa\",\"Errors\":[{\"NextAction\":\"d4936259-c259-4dba-912c-055d151b0eaa\",\"ErrorType\":\"NoMatchingError\"}]}},{\"Parameters\":{\"Text\":\"I am facing technical difficulties. Please try again after some time.\"},\"Identifier\":\"db4b5fa5-d2a3-4548-b364-6d3010a1e53a\",\"Type\":\"MessageParticipant\",\"Transitions\":{\"NextAction\":\"d4936259-c259-4dba-912c-055d151b0eaa\",\"Errors\":[{\"NextAction\":\"d4936259-c259-4dba-912c-055d151b0eaa\",\"ErrorType\":\"NoMatchingError\"}]}},{\"Parameters\":{\"LambdaFunctionARN\":\"<lambda:::{clientPrefix}-{stage}-{region}-lex-initializer>\",\"InvocationTimeLimitSeconds\":\"8\",\"LambdaInvocationAttributes\":{\"configRef\":\"standard_menu\"},\"ResponseValidation\":{\"ResponseType\":\"JSON\"}},\"Identifier\":\"115e6e7b-caa4-4529-bc53-ce10a1abd61b\",\"Type\":\"InvokeLambdaFunction\",\"Transitions\":{\"NextAction\":\"1138a4b7-a30d-488b-a1de-7690f050a4a4\",\"Errors\":[{\"NextAction\":\"db4b5fa5-d2a3-4548-b364-6d3010a1e53a\",\"ErrorType\":\"NoMatchingError\"}]}},{\"Parameters\":{\"Text\":\"$.External.lex_initial_prompt\",\"LexV2Bot\":{\"AliasArn\":\"<lex:::{clientPrefix}-{stage}-{region}-router-bot:active>\"},\"LexSessionAttributes\":{\"lex_session_attributes\":\"$.External.lex_session_attributes\",\"firstConnectInvocation\":\"true\"}},\"Identifier\":\"1138a4b7-a30d-488b-a1de-7690f050a4a4\",\"Type\":\"ConnectParticipantWithLexBot\",\"Transitions\":{\"NextAction\":\"db4b5fa5-d2a3-4548-b364-6d3010a1e53a\",\"Errors\":[{\"NextAction\":\"80c52be4-4ba1-44b6-a7fe-e56af259ee37\",\"ErrorType\":\"NoMatchingCondition\"},{\"NextAction\":\"db4b5fa5-d2a3-4548-b364-6d3010a1e53a\",\"ErrorType\":\"NoMatchingError\"}]}}]}","Tags":{}}