{"Arn":"arn:aws:connect:us-west-2:918888467489:instance/ca46f1b5-00fa-4367-9b07-1be582ecea11/contact-flow/596d9dad-d813-4bee-83b4-d2e0fa303dde","Id":"596d9dad-d813-4bee-83b4-d2e0fa303dde","IsDefault":"false","Name":"Lex_POC","Type":"CONTACT_FLOW","State":"ACTIVE","Status":"PUBLISHED","LastModifiedRegion":"us-west-2","LastModifiedTime":1719216766.738,"Description":"","Content":"{\"Version\":\"2019-10-30\",\"StartAction\":\"5d2b9c97-e966-4d21-97b4-38fe97b44b10\",\"Metadata\":{\"entryPointPosition\":{\"x\":-209.6,\"y\":38.4},\"ActionMetadata\":{\"5d2b9c97-e966-4d21-97b4-38fe97b44b10\":{\"position\":{\"x\":-80,\"y\":20}},\"0e188745-fa1d-4e81-9113-77e5ad593584\":{\"position\":{\"x\":705.6,\"y\":200.8}},\"af4ea1ec-2db9-49fb-b146-d3ec18ca422c\":{\"position\":{\"x\":180,\"y\":21.6}},\"5f0019ca-5e96-4e9a-b00c-aa6043070048\":{\"position\":{\"x\":1184,\"y\":166.4}},\"cd204ff2-4a6d-465c-9e37-b167a5ce9782\":{\"position\":{\"x\":445.6,\"y\":20},\"parameters\":{\"Text\":{\"useDynamic\":true},\"LexV2Bot\":{\"AliasArn\":{\"displayName\":\"active\",\"useLexBotDropdown\":true,\"lexV2BotName\":\"{clientPrefix}-{stage}-{region}-router-bot\"}}},\"dynamicMetadata\":{\"x-amz-lex:dtmf:end-timeout-ms:*:*\":false,\"x-amz-lex:text:start-timeout-ms:*:*\":false,\"x-amz-lex:audio:start-timeout-ms:*:*\":false,\"initialize\":false,\"configRef\":false,\"x-amz-lex:audio:end-timeout-ms:*:*\":false,\"x-amz-lex:audio:max-length-ms:*:*\":false},\"useLexBotDropdown\":true,\"lexV2BotName\":\"{clientPrefix}-{stage}-{region}-router-bot\",\"lexV2BotAliasName\":\"active\",\"useDynamic\":true,\"conditionMetadata\":[]},\"9c6aef05-86b1-4fb9-96e5-addd6d395563\":{\"position\":{\"x\":713.6,\"y\":-24}}},\"Annotations\":[]},\"Actions\":[{\"Parameters\":{\"FlowLoggingBehavior\":\"Enabled\"},\"Identifier\":\"5d2b9c97-e966-4d21-97b4-38fe97b44b10\",\"Type\":\"UpdateFlowLoggingBehavior\",\"Transitions\":{\"NextAction\":\"af4ea1ec-2db9-49fb-b146-d3ec18ca422c\"}},{\"Parameters\":{\"Text\":\"I am facing technical difficulties. Please try again after some time.\"},\"Identifier\":\"0e188745-fa1d-4e81-9113-77e5ad593584\",\"Type\":\"MessageParticipant\",\"Transitions\":{\"NextAction\":\"5f0019ca-5e96-4e9a-b00c-aa6043070048\",\"Errors\":[{\"NextAction\":\"5f0019ca-5e96-4e9a-b00c-aa6043070048\",\"ErrorType\":\"NoMatchingError\"}]}},{\"Parameters\":{\"Text\":\"Thank you for calling Neuraflash.\"},\"Identifier\":\"af4ea1ec-2db9-49fb-b146-d3ec18ca422c\",\"Type\":\"MessageParticipant\",\"Transitions\":{\"NextAction\":\"cd204ff2-4a6d-465c-9e37-b167a5ce9782\",\"Errors\":[{\"NextAction\":\"cd204ff2-4a6d-465c-9e37-b167a5ce9782\",\"ErrorType\":\"NoMatchingError\"}]}},{\"Parameters\":{},\"Identifier\":\"5f0019ca-5e96-4e9a-b00c-aa6043070048\",\"Type\":\"DisconnectParticipant\",\"Transitions\":{}},{\"Parameters\":{\"Text\":\"$.Attributes.InitialPrompt\",\"LexV2Bot\":{\"AliasArn\":\"<lex:::{clientPrefix}-{stage}-{region}-router-bot:active>\"},\"LexSessionAttributes\":{\"x-amz-lex:dtmf:end-timeout-ms:*:*\":\"1\",\"x-amz-lex:text:start-timeout-ms:*:*\":\"1\",\"x-amz-lex:audio:start-timeout-ms:*:*\":\"1\",\"initialize\":\"true\",\"configRef\":\"standard_menu\",\"x-amz-lex:audio:end-timeout-ms:*:*\":\"1\",\"x-amz-lex:audio:max-length-ms:*:*\":\"1\"}},\"Identifier\":\"cd204ff2-4a6d-465c-9e37-b167a5ce9782\",\"Type\":\"ConnectParticipantWithLexBot\",\"Transitions\":{\"NextAction\":\"0e188745-fa1d-4e81-9113-77e5ad593584\",\"Errors\":[{\"NextAction\":\"9c6aef05-86b1-4fb9-96e5-addd6d395563\",\"ErrorType\":\"NoMatchingCondition\"},{\"NextAction\":\"0e188745-fa1d-4e81-9113-77e5ad593584\",\"ErrorType\":\"NoMatchingError\"}]}},{\"Parameters\":{\"Text\":\"You have selected  $.Lex.SessionAttributes.lexIntent intent.\"},\"Identifier\":\"9c6aef05-86b1-4fb9-96e5-addd6d395563\",\"Type\":\"MessageParticipant\",\"Transitions\":{\"NextAction\":\"5f0019ca-5e96-4e9a-b00c-aa6043070048\",\"Errors\":[{\"NextAction\":\"5f0019ca-5e96-4e9a-b00c-aa6043070048\",\"ErrorType\":\"NoMatchingError\"}]}}]}","Tags":{}}