{"Arn":"arn:aws:connect:us-west-2:918888467489:instance/ca46f1b5-00fa-4367-9b07-1be582ecea11/contact-flow/67780334-83d4-4c0f-b898-6edc41c197ff","Id":"67780334-83d4-4c0f-b898-6edc41c197ff","IsDefault":"false","Name":"Lex_Framework_Get_State","Type":"CONTACT_FLOW","State":"ACTIVE","Status":"PUBLISHED","LastModifiedRegion":"us-west-2","LastModifiedTime":1745686983.807,"FlowContentSha256":"1c0c6a12f71320471cc333d1eee88fa7b3e328fc5bf84c9d1bed69709b3a7d45","Description":"","Content":"{\"Version\":\"2019-10-30\",\"StartAction\":\"ce70ed24-5780-4ab7-a7d5-3c482a7e13f9\",\"Metadata\":{\"entryPointPosition\":{\"x\":315.2,\"y\":43.2},\"ActionMetadata\":{\"ce70ed24-5780-4ab7-a7d5-3c482a7e13f9\":{\"position\":{\"x\":447.2,\"y\":42.4}},\"4c98e0ef-be46-44cd-a6c8-30a2f487b748\":{\"position\":{\"x\":714.4,\"y\":41.6},\"dynamicMetadata\":{\"configRef\":false}},\"609a84aa-ae44-423b-8061-4ea0119e0000\":{\"position\":{\"x\":1486.4,\"y\":225.6}},\"3910299c-8bfd-41ca-9ba7-2690190906f4\":{\"position\":{\"x\":1740,\"y\":185.6}},\"cfe7d282-aab0-4187-b266-084782297c8e\":{\"position\":{\"x\":1001.6,\"y\":39.2},\"parameters\":{\"Text\":{\"useDynamic\":true},\"LexV2Bot\":{\"AliasArn\":{\"useDynamic\":true,\"useLexBotDropdown\":false}},\"LexSessionAttributes\":{\"lex_session_attributes\":{\"useDynamic\":true},\"x-amz-lex:allow-interrupt:*:*\":{\"useDynamic\":true},\"x-amz-lex:audio:end-timeout-ms:*:*\":{\"useDynamic\":true},\"x-amz-lex:audio:max-length-ms:*:*\":{\"useDynamic\":true},\"x-amz-lex:audio:start-timeout-ms:*:*\":{\"useDynamic\":true},\"x-amz-lex:dtmf:end-timeout-ms:*:*\":{\"useDynamic\":true},\"x-amz-lex:dtmf:start-timeout-ms:*:*\":{\"useDynamic\":true},\"x-amz-lex:text:end-timeout-ms:*:*\":{\"useDynamic\":true},\"x-amz-lex:text:start-timeout-ms:*:*\":{\"useDynamic\":true}}},\"dynamicMetadata\":{\"lex_session_attributes\":true,\"firstConnectInvocation\":false,\"x-amz-lex:allow-interrupt:*:*\":true,\"x-amz-lex:audio:end-timeout-ms:*:*\":true,\"x-amz-lex:audio:max-length-ms:*:*\":true,\"x-amz-lex:audio:start-timeout-ms:*:*\":true,\"x-amz-lex:dtmf:end-timeout-ms:*:*\":true,\"x-amz-lex:dtmf:start-timeout-ms:*:*\":true,\"x-amz-lex:text:end-timeout-ms:*:*\":true,\"x-amz-lex:text:start-timeout-ms:*:*\":true},\"useDynamicLexBotArn\":true,\"lexV2BotName\":\"\",\"useDynamic\":true,\"conditionMetadata\":[]},\"911030d3-b028-47ab-9c78-53de77ada135\":{\"position\":{\"x\":1488,\"y\":1.6}}},\"Annotations\":[]},\"Actions\":[{\"Parameters\":{\"FlowLoggingBehavior\":\"Enabled\"},\"Identifier\":\"ce70ed24-5780-4ab7-a7d5-3c482a7e13f9\",\"Type\":\"UpdateFlowLoggingBehavior\",\"Transitions\":{\"NextAction\":\"4c98e0ef-be46-44cd-a6c8-30a2f487b748\"}},{\"Parameters\":{\"LambdaFunctionARN\":\"<lambda:::{clientPrefix}-{stage}-{region}-lex-initializer>\",\"InvocationTimeLimitSeconds\":\"8\",\"LambdaInvocationAttributes\":{\"configRef\":\"region\"},\"ResponseValidation\":{\"ResponseType\":\"JSON\"}},\"Identifier\":\"4c98e0ef-be46-44cd-a6c8-30a2f487b748\",\"Type\":\"InvokeLambdaFunction\",\"Transitions\":{\"NextAction\":\"cfe7d282-aab0-4187-b266-084782297c8e\",\"Errors\":[{\"NextAction\":\"609a84aa-ae44-423b-8061-4ea0119e0000\",\"ErrorType\":\"NoMatchingError\"}]}},{\"Parameters\":{\"Text\":\"I am facing technical difficulties. Please try again after some time.\"},\"Identifier\":\"609a84aa-ae44-423b-8061-4ea0119e0000\",\"Type\":\"MessageParticipant\",\"Transitions\":{\"NextAction\":\"3910299c-8bfd-41ca-9ba7-2690190906f4\",\"Errors\":[{\"NextAction\":\"3910299c-8bfd-41ca-9ba7-2690190906f4\",\"ErrorType\":\"NoMatchingError\"}]}},{\"Parameters\":{},\"Identifier\":\"3910299c-8bfd-41ca-9ba7-2690190906f4\",\"Type\":\"DisconnectParticipant\",\"Transitions\":{}},{\"Parameters\":{\"Text\":\"$.External.lex_initial_prompt\",\"LexV2Bot\":{\"AliasArn\":\"$.External.lex_arn\"},\"LexSessionAttributes\":{\"lex_session_attributes\":\"$.External.lex_session_attributes\",\"firstConnectInvocation\":\"true\",\"x-amz-lex:allow-interrupt:*:*\":\"$.External.lex_allow_interrupt\",\"x-amz-lex:audio:end-timeout-ms:*:*\":\"$.External.lex_audio_end_timeout_ms\",\"x-amz-lex:audio:max-length-ms:*:*\":\"$.External.lex_audio_max_length_ms\",\"x-amz-lex:audio:start-timeout-ms:*:*\":\"$.External.lex_audio_start_timeout_ms\",\"x-amz-lex:dtmf:end-timeout-ms:*:*\":\"$.External.lex_dtmf_end_timeout_ms\",\"x-amz-lex:dtmf:start-timeout-ms:*:*\":\"$.External.lex_dtmf_start_timeout_ms\",\"x-amz-lex:text:end-timeout-ms:*:*\":\"$.External.lex_text_end_timeout_ms\",\"x-amz-lex:text:start-timeout-ms:*:*\":\"$.External.lex_text_start_timeout_ms\"}},\"Identifier\":\"cfe7d282-aab0-4187-b266-084782297c8e\",\"Type\":\"ConnectParticipantWithLexBot\",\"Transitions\":{\"NextAction\":\"609a84aa-ae44-423b-8061-4ea0119e0000\",\"Errors\":[{\"NextAction\":\"911030d3-b028-47ab-9c78-53de77ada135\",\"ErrorType\":\"NoMatchingCondition\"},{\"NextAction\":\"609a84aa-ae44-423b-8061-4ea0119e0000\",\"ErrorType\":\"NoMatchingError\"}]}},{\"Parameters\":{\"Text\":\"You have selected  $.Lex.SessionAttributes.lexIntent intent.\"},\"Identifier\":\"911030d3-b028-47ab-9c78-53de77ada135\",\"Type\":\"MessageParticipant\",\"Transitions\":{\"NextAction\":\"3910299c-8bfd-41ca-9ba7-2690190906f4\",\"Errors\":[{\"NextAction\":\"3910299c-8bfd-41ca-9ba7-2690190906f4\",\"ErrorType\":\"NoMatchingError\"}]}}]}","Tags":{}}