{"Arn":"arn:aws:connect:us-west-2:918888467489:instance/ca46f1b5-00fa-4367-9b07-1be582ecea11/contact-flow/ee11f442-4d62-486c-8f41-a492d0403d52","Id":"ee11f442-4d62-486c-8f41-a492d0403d52","IsDefault":"false","Name":"transfer_to_queue","Type":"CONTACT_FLOW","State":"ACTIVE","Status":"PUBLISHED","LastModifiedRegion":"us-west-2","LastModifiedTime":1726485561.889,"Description":"","Content":"{\"Version\":\"2019-10-30\",\"StartAction\":\"fefad801-c76e-4b60-9999-ce16ae9b95dd\",\"Metadata\":{\"entryPointPosition\":{\"x\":40,\"y\":40},\"ActionMetadata\":{\"a506f376-bb89-4adc-be12-3af0c660375a\":{\"position\":{\"x\":761.6,\"y\":96}},\"0144f823-65d5-40b0-a873-aad4007191e9\":{\"position\":{\"x\":454.4,\"y\":68}},\"fefad801-c76e-4b60-9999-ce16ae9b95dd\":{\"position\":{\"x\":164,\"y\":62.4},\"parameters\":{\"QueueId\":{\"displayName\":\"BasicQueue\"}},\"queue\":{\"text\":\"BasicQueue\"}}},\"Annotations\":[]},\"Actions\":[{\"Parameters\":{},\"Identifier\":\"a506f376-bb89-4adc-be12-3af0c660375a\",\"Type\":\"DisconnectParticipant\",\"Transitions\":{}},{\"Parameters\":{},\"Identifier\":\"0144f823-65d5-40b0-a873-aad4007191e9\",\"Type\":\"TransferContactToQueue\",\"Transitions\":{\"NextAction\":\"a506f376-bb89-4adc-be12-3af0c660375a\",\"Errors\":[{\"NextAction\":\"a506f376-bb89-4adc-be12-3af0c660375a\",\"ErrorType\":\"QueueAtCapacity\"},{\"NextAction\":\"a506f376-bb89-4adc-be12-3af0c660375a\",\"ErrorType\":\"NoMatchingError\"}]}},{\"Parameters\":{\"QueueId\":\"<queue:::BasicQueue>\"},\"Identifier\":\"fefad801-c76e-4b60-9999-ce16ae9b95dd\",\"Type\":\"UpdateContactTargetQueue\",\"Transitions\":{\"NextAction\":\"0144f823-65d5-40b0-a873-aad4007191e9\",\"Errors\":[{\"NextAction\":\"0144f823-65d5-40b0-a873-aad4007191e9\",\"ErrorType\":\"NoMatchingError\"}]}}]}","Tags":{}}