SecurityProfileName,CallCenterManager,QualityAnalyst
Description,A call center manager (or call center admin) manages the day-to-day aspects of the call center.,A quality analyst works to improve the customer experience and keeps track of live service metrics.
Permission,AccessMetrics,AccessMetrics
Permission,AgentStates.Create,AgentTimeCard.View
Permission,AgentStates.Edit,ContactAttributes.View
Permission,AgentStates.EnableAndDisable,ContactSearch.View
Permission,AgentStates.View,
Permission,AgentTimeCard.View,
Permission,ContactAttributes.View,
Permission,ContactFlowModules.Create,
Permission,ContactFlowModules.Delete,
Permission,ContactFlowModules.Edit,
Permission,ContactFlowModules.Publish,
Permission,ContactFlowModules.View,
Permission,ContactFlows.Create,
Permission,ContactFlows.Delete,
Permission,ContactFlows.Edit,
Permission,ContactFlows.Publish,
Permission,ContactFlows.View,
Permission,ContactSearch.View,
Permission,CustomerProfiles.CalculatedAttributes.Create,
Permission,CustomerProfiles.CalculatedAttributes.Delete,
Permission,CustomerProfiles.CalculatedAttributes.Edit,
Permission,CustomerProfiles.CalculatedAttributes.View,
Permission,DeleteCallRecordings,
Permission,DownloadCallRecordings,
Permission,HoursOfOperation.Create,
Permission,HoursOfOperation.Edit,
Permission,HoursOfOperation.View,
Permission,ListenCallRecordings,
Permission,ManagerListenIn,
Permission,MetricsReports.Create,
Permission,MetricsReports.Delete,
Permission,MetricsReports.Edit,
Permission,MetricsReports.Publish,
Permission,MetricsReports.Schedule,
Permission,MetricsReports.Share,
Permission,MetricsReports.View,
Permission,PhoneNumbers.Claim,
Permission,PhoneNumbers.Edit,
Permission,PhoneNumbers.Release,
Permission,PhoneNumbers.View,
Permission,Prompts.Create,
Permission,Prompts.Delete,
Permission,Prompts.Edit,
Permission,Prompts.View,
Permission,Queues.Create,
Permission,Queues.Edit,
Permission,Queues.EnableAndDisable,
Permission,Queues.View,
Permission,ReportSchedules.Create,
Permission,ReportSchedules.Delete,
Permission,ReportSchedules.Edit,
Permission,ReportSchedules.View,
Permission,RoutingPolicies.Create,
Permission,RoutingPolicies.Edit,
Permission,RoutingPolicies.View,
Permission,TaskTemplates.Create,
Permission,TaskTemplates.Delete,
Permission,TaskTemplates.Edit,
Permission,TaskTemplates.View,
Permission,TransferDestinations.Create,
Permission,TransferDestinations.Edit,
Permission,TransferDestinations.View,
Permission,Users.Create,
Permission,Users.Edit,
Permission,Users.EnableAndDisable,
Permission,Users.View,