Parameter,1
Name,agent
Type,custom
Regex,
ResolutionStrategy,OriginalValue
SlotValueAsCustomVocabulary,
Synonyms,agent
Synonyms,agent please
Synonyms,connect me to an agent
Synonyms,connect me to someone
Synonyms,customer care
Synonyms,customer complaint
Synonyms,customer rep
Synonyms,customer representative
Synonyms,customer service
Synonyms,customer service agent
Synonyms,customer service rep
Synonyms,customer support
Synonyms,give me a fucking agent
Synonyms,give me a live person
Synonyms,give me a person
Synonyms,human being
Synonyms,I need a representative
Synonyms,I need an agent
Synonyms,I need to speak to a agent
Synonyms,I need to speak to a person
Synonyms,I need to speak to a representative
Synonyms,I need to speak to an operator
Synonyms,I need to speak to someone
Synonyms,I need to speak with a representative
Synonyms,I need to speak with the operator
Synonyms,I need to talk to a representative
Synonyms,I need to talk to an associate
Synonyms,I need to talk to somebody
Synonyms,I need to talk to someone
Synonyms,I wanna talk to a person
Synonyms,I wanna talk to somebody
Synonyms,I want to speak to someone
Synonyms,I want to talk to a real person
Synonyms,I want to talk to customer service
Synonyms,I want to talk to someone
Synonyms,I would like to talk to somebody
Synonyms,I'd like to talk to an agent
Synonyms,need an operator
Synonyms,representative
Synonyms,speak to a customer service representative
Synonyms,speak to a manager
Synonyms,speak to a person
Synonyms,speak to a representative
Synonyms,speak to an agent
Synonyms,speak to an associate
Synonyms,speak to an operator
Synonyms,speak to customer service
Synonyms,speak to representative
Synonyms,speak to somebody
Synonyms,speak to supervisor
Synonyms,speak with an agent
Synonyms,speak with human
Synonyms,speak with representative
Synonyms,speak with somebody
Synonyms,speak with supervisor
Synonyms,talk to a manager
Synonyms,talk to a person
Synonyms,talk to a representative
Synonyms,talk to a supervisor
Synonyms,talk to an agent please
Synonyms,talk to customer care agent
Synonyms,talk to customer representative
Synonyms,talk to customer service
Synonyms,talk to customer support
Synonyms,talk to manager
Synonyms,talk to operator
Synonyms,talk to representative