[
  {
    "SecurityProfileName": "CallCenterManager",
    "Description": "A call center manager (or call center admin) manages the day-to-day aspects of the call center.",
    "Permissions": [
      "AccessMetrics",
      "AgentStates.Create",
      "AgentStates.Edit",
      "AgentStates.EnableAndDisable",
      "AgentStates.View",
      "AgentTimeCard.View",
      "ContactAttributes.View",
      "ContactFlowModules.Create",
      "ContactFlowModules.Delete",
      "ContactFlowModules.Edit",
      "ContactFlowModules.Publish",
      "ContactFlowModules.View",
      "ContactFlows.Create",
      "ContactFlows.Delete",
      "ContactFlows.Edit",
      "ContactFlows.Publish",
      "ContactFlows.View",
      "ContactSearch.View",
      "CustomerProfiles.CalculatedAttributes.Create",
      "CustomerProfiles.CalculatedAttributes.Delete",
      "CustomerProfiles.CalculatedAttributes.Edit",
      "CustomerProfiles.CalculatedAttributes.View",
      "DeleteCallRecordings",
      "DownloadCallRecordings",
      "HoursOfOperation.Create",
      "HoursOfOperation.Edit",
      "HoursOfOperation.View",
      "ListenCallRecordings",
      "ManagerListenIn",
      "MetricsReports.Create",
      "MetricsReports.Delete",
      "MetricsReports.Edit",
      "MetricsReports.Publish",
      "MetricsReports.Schedule",
      "MetricsReports.Share",
      "MetricsReports.View",
      "PhoneNumbers.Claim",
      "PhoneNumbers.Edit",
      "PhoneNumbers.Release",
      "PhoneNumbers.View",
      "Prompts.Create",
      "Prompts.Delete",
      "Prompts.Edit",
      "Prompts.View",
      "Queues.Create",
      "Queues.Edit",
      "Queues.EnableAndDisable",
      "Queues.View",
      "ReportSchedules.Create",
      "ReportSchedules.Delete",
      "ReportSchedules.Edit",
      "ReportSchedules.View",
      "RoutingPolicies.Create",
      "RoutingPolicies.Edit",
      "RoutingPolicies.View",
      "TaskTemplates.Create",
      "TaskTemplates.Delete",
      "TaskTemplates.Edit",
      "TaskTemplates.View",
      "TransferDestinations.Create",
      "TransferDestinations.Edit",
      "TransferDestinations.View",
      "Users.Create",
      "Users.Edit",
      "Users.EnableAndDisable",
      "Users.View"
    ]
  },
  {
    "SecurityProfileName": "QualityAnalyst",
    "Description": "A quality analyst works to improve the customer experience and keeps track of live service metrics.",
    "Permissions": [
      "AccessMetrics",
      "AgentTimeCard.View",
      "ContactAttributes.View",
      "ContactSearch.View"
    ]
  }
]