[{"Typing":{"S":"prompt"},"prompt_value":{"S":"Which of these can I help you with? You can say order status, <break time=\"500ms\"/> printing digital images, <break time=\"500ms\"/> or say, help me with something else."},"Indexing":{"S":"en-us#standard_menu_ini"},"name":{"S":"standard_menu_ini"},"language":{"S":"en-US"}},{"Typing":{"S":"prompt"},"prompt_value":{"S":"Say order status, <break time=\"500ms\"/> printing digital images, <break time=\"500ms\"/> or say, help me with something else."},"Indexing":{"S":"en-us#standard_menu_rep1"},"name":{"S":"standard_menu_rep1"},"language":{"S":"en-US"}},{"Typing":{"S":"prompt"},"prompt_value":{"S":"To check order status, press 1. To learn about copyright releases for printing digital images, 2. Or for anything else, 3."},"Indexing":{"S":"en-us#standard_menu_rep2"},"name":{"S":"standard_menu_rep2"},"language":{"S":"en-US"}},{"dtmf_option_2":{"S":"copyright"},"dtmf_option_1":{"S":"order_status"},"dtmf_option_4":{"S":""},"Typing":{"S":"dialogState"},"dtmf_option_3":{"S":"hmwse"},"dtmf_option_0":{"S":"agent"},"x-amz-lex:text:start-timeout-ms:*:*":{"S":"4000"},"required_slots":{"S":""},"x-amz-lex:text:end-timeout-ms:*:*":{"S":"50"},"initial_prompt_indexing":{"S":"standard_menu_ini"},"dialog_name":{"S":"standard_menu"},"x-amz-lex:allow-interrupt:*:*":{"BOOL":true},"x-amz-lex:audio:max-length-ms:*:*":{"S":"13000"},"retry_prompt_2_indexing":{"S":"standard_menu_rep2"},"x-amz-lex:dtmf:end-timeout-ms:*:*":{"S":"50"},"x-amz-lex:audio:start-timeout-ms:*:*":{"S":"4000"},"Indexing":{"S":"standard_menu"},"optional_slots":{"S":""},"x-amz-lex:dtmf:start-timeout-ms:*:*":{"S":"4000"},"bot_name":{"S":"{lex-prefix}-router-bot"},"supported_contexts":{"S":"agent;number;order_status;copyright;hmwse"},"retry_prompt_1_indexing":{"S":"standard_menu_rep1"},"dtmf_option_9":{"S":""},"x-amz-lex:audio:end-timeout-ms:*:*":{"S":"200"},"dtmf_option_6":{"S":""},"supported_intents":{"S":"agent;number;order_status;copyright;hmwse"},"dtmf_option_5":{"S":""},"dtmf_option_8":{"S":""},"dtmf_option_7":{"S":""}}]