Parameter,1,2,3,4,5,6,7
Name,warm_lex,agent,number,order_status,printing_digital_images,hmwse,states
FulfilmentCodeHook,,enabled,enabled,enabled,enabled,enabled,enabled
DialogCodeHook,,enabled,enabled,enabled,enabled,enabled,enabled
Slot,,,"Required:number_slot:AMAZON.Number:,",,,,"Required:states_slot:states:,"
InputContexts,,,,standard_menu,standard_menu,standard_menu,states
SampleUtterance,warm lex,agent,{number_slot},order status,printing digital images,help me with something else,{states_slot}
SampleUtterance,,agent please,,status,digital images,something else,My school is in {states_slot} state
SampleUtterance,,can I speak to a customer representative,,check on an order,prints from digital images,I need something else,
SampleUtterance,,can I speak to an agent,,check order status,working with digital images,I need help with something else,
SampleUtterance,,can I speak to an operator,,see if my order shipped,work with digital images,help with something else,
SampleUtterance,,can I speak to someone,,check order,print digital images,something different,
SampleUtterance,,can I talk to a real person,,another order,,help with something different,
SampleUtterance,,can I talk to somebody,,status on another order,,more options,
SampleUtterance,,can you get me support please,,check another order,,,
SampleUtterance,,connect me to an agent,,,,,
SampleUtterance,,connect me to someone,,,,,
SampleUtterance,,customer care,,,,,
SampleUtterance,,customer complaint,,,,,
SampleUtterance,,customer rep,,,,,
SampleUtterance,,customer representative,,,,,
SampleUtterance,,customer service,,,,,
SampleUtterance,,customer service agent,,,,,
SampleUtterance,,customer service rep,,,,,
SampleUtterance,,customer support,,,,,
SampleUtterance,,give me a fucking agent,,,,,
SampleUtterance,,give me a live person,,,,,
SampleUtterance,,give me a person,,,,,
SampleUtterance,,human being,,,,,
SampleUtterance,,I need a representative,,,,,
SampleUtterance,,I need an agent,,,,,
SampleUtterance,,I need to speak to a agent,,,,,
SampleUtterance,,I need to speak to a person,,,,,
SampleUtterance,,I need to speak to a representative,,,,,
SampleUtterance,,I need to speak to an operator,,,,,
SampleUtterance,,I need to speak to someone,,,,,
SampleUtterance,,I need to speak with a representative,,,,,
SampleUtterance,,I need to speak with the operator,,,,,
SampleUtterance,,I need to talk to a representative,,,,,
SampleUtterance,,I need to talk to an associate,,,,,
SampleUtterance,,I need to talk to somebody,,,,,
SampleUtterance,,I need to talk to someone,,,,,
SampleUtterance,,I wanna talk to a person,,,,,
SampleUtterance,,I wanna talk to somebody,,,,,
SampleUtterance,,I want to speak to someone,,,,,
SampleUtterance,,I want to talk to a real person,,,,,
SampleUtterance,,I want to talk to customer service,,,,,
SampleUtterance,,I want to talk to someone,,,,,
SampleUtterance,,I would like to talk to somebody,,,,,
SampleUtterance,,I'd like to talk to an agent,,,,,
SampleUtterance,,need an operator,,,,,
SampleUtterance,,representative,,,,,
SampleUtterance,,speak to a customer service representative,,,,,
SampleUtterance,,speak to a manager,,,,,
SampleUtterance,,speak to a person,,,,,
SampleUtterance,,speak to a representative,,,,,
SampleUtterance,,speak to an agent,,,,,
SampleUtterance,,speak to an associate,,,,,
SampleUtterance,,speak to an operator,,,,,
SampleUtterance,,speak to customer service,,,,,
SampleUtterance,,speak to representative,,,,,
SampleUtterance,,speak to somebody,,,,,
SampleUtterance,,speak to supervisor,,,,,
SampleUtterance,,speak with an agent,,,,,
SampleUtterance,,speak with human,,,,,
SampleUtterance,,speak with representative,,,,,
SampleUtterance,,speak with somebody,,,,,
SampleUtterance,,speak with supervisor,,,,,
SampleUtterance,,talk to a manager,,,,,
SampleUtterance,,talk to a person,,,,,
SampleUtterance,,talk to a representative,,,,,
SampleUtterance,,talk to a supervisor,,,,,
SampleUtterance,,talk to an agent please,,,,,
SampleUtterance,,talk to customer care agent,,,,,
SampleUtterance,,talk to customer representative,,,,,
SampleUtterance,,talk to customer service,,,,,
SampleUtterance,,talk to customer support,,,,,
SampleUtterance,,talk to manager,,,,,
SampleUtterance,,talk to operator,,,,,
SampleUtterance,,talk to representative,,,,,