Parameter,1
Name,states
Type,custom
Regex,
ResolutionStrategy,TopResolution
SlotValueAsCustomVocabulary,
Synonyms,AL;Alabama
Synonyms,AK;Alaska
Synonyms,AZ;Arizona
Synonyms,AR;Arkansas
Synonyms,CA;California
Synonyms,CO;Colorado
Synonyms,CT;Connecticut
Synonyms,DE;Delaware
Synonyms,DC;District of Columbia
Synonyms,FL;Florida
Synonyms,GA;Georgia
Synonyms,HI;Hawaii
Synonyms,ID;Idaho
Synonyms,IL;Illinois
Synonyms,IN;Indiana
Synonyms,IA;Iowa
Synonyms,KS;Kansas
Synonyms,KY;Kentucky
Synonyms,LA;Louisiana
Synonyms,ME;Maine
Synonyms,MD;Maryland
Synonyms,MA;Massachusetts
Synonyms,MI;Michigan
Synonyms,MN;Minnesota
Synonyms,MS;Mississippi
Synonyms,MO;Missouri
Synonyms,MT;Montana
Synonyms,NE;Nebraska
Synonyms,NV;Nevada
Synonyms,NH;New Hampshire
Synonyms,NJ;New Jersey
Synonyms,NM;New Mexico
Synonyms,NY;New York
Synonyms,NC;North Carolina
Synonyms,ND;North Dakota
Synonyms,OH;Ohio
Synonyms,OK;Oklahoma
Synonyms,OR;Oregon
Synonyms,PA;Pennsylvania
Synonyms,RI;Rhode Island
Synonyms,SC;South Carolina
Synonyms,SD;South Dakota
Synonyms,TN;Tennessee
Synonyms,TX;Texas
Synonyms,UT;Utah
Synonyms,VT;Vermont
Synonyms,VA;Virginia
Synonyms,WA;Washington
Synonyms,WV;West Virginia
Synonyms,WI;Wisconsin
Synonyms,WY;Wyoming