[
  {
    "Name": "BasicRoutingProfile",
    "Description": "A basic, example Routing Profile",
    "MediaConcurrencies": [
      {
        "Channel": "VOICE",
        "Concurrency": 1,
        "CrossChannelBehavior": {
          "BehaviorType": "ROUTE_CURRENT_CHANNEL_ONLY"
        }
      },
      {
        "Channel": "CHAT",
        "Concurrency": 2,
        "CrossChannelBehavior": {
          "BehaviorType": "ROUTE_CURRENT_CHANNEL_ONLY"
        }
      },
      {
        "Channel": "TASK",
        "Concurrency": 1,
        "CrossChannelBehavior": {
          "BehaviorType": "ROUTE_CURRENT_CHANNEL_ONLY"
        }
      }
    ],
    "AgentAvailabilityTimer": "TIME_SINCE_LAST_ACTIVITY",
    "DefaultOutboundQueueName": "BasicQueue",
    "Queues": [
      {
        "QueueName": "BasicQueue",
        "Priority": 1,
        "Delay": 0,
        "Channel": "VOICE"
      },
      {
        "QueueName": "BasicQueue",
        "Priority": 2,
        "Delay": 0,
        "Channel": "VOICE"
      }
    ]
  }
]